tipo	Admiration_2	Adoration_2	Aesthetic Appreciation_2	Amusement_2	Anger_2	Annoyance_2	Anxiety_2	Awe_2	Awkwardness_2	Boredom_2	Calmness_2	Concentration_2	Confusion_2	Contemplation_2	Contempt_2	Contentment_2	Craving_2	Desire_2	Determination_2	Disappointment_2	Disapproval_2	Disgust_2	Distress_2	Doubt_2	Ecstasy_2	Embarrassment_2	Empathic Pain_2	Enthusiasm_2	Entrancement_2	Envy_2	Excitement_2	Fear_2	Gratitude_2	Guilt_2	Horror_2	Interest_2	Joy_2	Love_2	Nostalgia_2	Pain_2	Pride_2	Realization_2	Relief_2	Romance_2	Sadness_2	Sarcasm_2	Satisfaction_2	Shame_2	Surprise (negative)_2	Surprise (positive)_2	Sympathy_2	Tiredness_2	Triumph_2
A_?	0	0	0	0	0.22292	0.24736	0.12046	0	0.13935	0	0	0	0.38718	0.12175	0.14233	0	0	0	0	0.21796	0.25621	0.14098	0.25337	0	0	0	0	0	0	0	0	0	0	0	0.12119	0	0	0	0	0.11658	0	0	0	0	0.12837	0	0	0.12856	0.2577	0	0	0	0
A_?	0	0	0	0	0	0	0.10113	0	0	0	0.14421	0.16817	0	0.58604	0	0.10926	0	0	0.17936	0.16413	0.10106	0	0.10903	0.1089	0	0	0	0	0	0	0	0	0	0	0	0	0	0	0	0	0	0.44616	0	0	0.12295	0	0	0	0	0	0	0	0
A_Profesional	0	0	0	0	0	0	0	0	0	0	0	0	0.10775	0.21468	0	0	0	0	0	0.15383	0	0	0	0	0	0	0	0.15614	0	0	0.10695	0	0	0	0	0.27147	0	0	0	0	0	0.10173	0	0	0	0	0.14029	0	0.13907	0.2885	0	0	0
A_Profesional	0	0	0	0	0	0.19758	0.75495	0	0	0	0	0	0	0	0	0	0	0	0	0.17202	0.30652	0	0.63584	0	0	0	0	0	0	0	0	0.58975	0	0	0	0	0	0	0	0	0	0	0	0	0	0	0	0	0	0	0	0	0
A_Profesional	0.29158	0	0	0	0	0	0.14134	0	0.32108	0	0	0	0	0.13048	0	0	0	0	0.11152	0.28028	0	0	0	0.14086	0	0.55746	0	0	0	0	0	0	0.14097	0	0	0	0	0	0	0	0.13095	0.24847	0	0	0	0	0	0.2224	0	0.1469	0	0	0
A_Profesional	0	0	0	0	0	0	0.10502	0	0.10573	0	0	0	0.14305	0.23205	0	0.10986	0	0	0	0	0	0	0.1684	0	0	0	0	0	0	0	0	0	0	0	0	0	0	0	0	0.15336	0	0.23302	0.11712	0	0	0	0.13469	0	0	0	0	0.18079	0
A_Profesional	0	0	0	0	0	0	0	0	0	0	0	0.11208	0.45935	0.51043	0	0	0	0	0	0	0	0	0	0.10007	0	0	0	0	0	0	0	0	0	0	0	0.27412	0	0	0	0	0	0.22053	0	0	0	0	0	0	0	0	0	0	0
A_Preparatoria	0	0	0	0	0.27771	0.26902	0	0	0	0	0	0	0	0	0.13767	0	0	0	0	0.18484	0.32569	0.18942	0.274	0	0	0	0.21224	0	0	0	0	0	0	0	0.15137	0	0	0	0	0	0	0	0	0	0.15388	0	0	0	0.18297	0	0.10926	0	0
A_Profesional	0	0	0	0	0.30117	0.65013	0	0	0	0	0	0	0.10585	0	0.17162	0	0	0	0	0.55101	0.4147	0.1411	0.1905	0	0	0	0	0	0	0	0	0	0	0	0	0	0	0	0	0.14075	0	0	0	0	0.20636	0	0	0	0.25269	0	0	0	0
A_?	0	0	0	0	0	0	0	0	0	0	0	0	0	0	0	0	0	0	0	0	0	0	0	0	0	0	0	0	0	0	0	0	0	0	0	0	0	0	0	0	0	0	0	0	0	0	0	0	0	0	0	0	0
A_Preparatoria	0	0	0	0	0	0	0	0	0	0	0	0.18217	0	0.21738	0	0	0	0	0.34943	0	0	0	0	0	0	0	0	0.39711	0	0	0.17245	0	0	0	0	0.26943	0	0	0	0	0	0	0	0	0	0	0.22633	0	0	0	0	0	0.11809
A_Preparatoria	0	0	0	0	0	0.5942	0	0	0	0	0	0	0.18864	0.13588	0.37149	0	0	0	0	0.24432	0.54463	0.11309	0	0.12402	0	0	0	0	0	0	0	0	0	0	0	0	0	0	0	0	0	0	0	0	0	0.1939	0	0	0	0	0	0	0
A_?	0	0	0	0	0	0	0	0	0	0	0	0	0	0	0	0	0	0	0	0	0	0	0	0	0	0	0	0	0	0	0	0	0	0	0	0	0	0	0	0	0	0	0	0	0	0	0	0	0	0	0	0	0
A_?	0.12827	0	0	0	0	0	0	0	0	0	0.10577	0	0	0.48364	0	0.17463	0	0	0	0	0	0	0	0	0	0	0	0	0	0	0	0	0.1729	0	0	0.14119	0	0	0	0	0.11599	0.3603	0	0	0	0	0.27131	0	0	0.19989	0	0	0
A_Preparatoria	0	0	0	0	0	0.2217	0	0	0	0	0	0	0.15957	0.14533	0.10119	0	0	0	0	0.24631	0.28831	0.12608	0.1052	0	0	0	0	0	0	0	0	0	0	0	0	0.21533	0	0	0	0	0	0.13077	0	0	0	0	0	0	0.36993	0	0	0	0
A_Profesional	0.16579	0	0	0	0	0	0	0	0	0	0.15415	0	0	0	0	0.18016	0	0	0	0	0	0	0	0	0	0	0	0	0	0	0	0	0.7157	0	0	0	0	0	0	0	0	0	0	0	0	0	0.2147	0	0	0	0	0	0
A_Profesional	0	0	0	0	0	0.20569	0.12898	0	0	0	0	0	0	0	0	0	0	0	0.12243	0.53902	0	0	0.17817	0	0	0.22219	0	0	0	0	0	0	0.42098	0.1169	0	0	0	0	0	0	0	0.20329	0.16372	0	0.10858	0	0.1717	0.14997	0	0	0	0	0.11771
A_Profesional	0	0	0	0	0	0	0.17998	0	0	0	0	0	0	0.29444	0	0	0	0	0	0.41979	0	0	0.35804	0.10961	0	0	0	0	0	0	0	0.16514	0	0	0	0	0	0	0.27128	0.2928	0	0.3182	0	0	0.85833	0	0	0.16407	0	0	0	0	0
A_Profesional	0.16579	0	0	0	0	0	0	0	0	0	0.15415	0	0	0	0	0.18016	0	0	0	0	0	0	0	0	0	0	0	0	0	0	0	0	0.7157	0	0	0	0	0	0	0	0	0	0	0	0	0	0.2147	0	0	0	0	0	0
A_Preparatoria	0	0	0	0	0.17511	0.45623	0.36976	0	0	0	0	0	0.35428	0.22375	0	0	0	0	0	0.36701	0.24246	0	0.46616	0.18907	0	0	0	0	0	0	0	0	0	0	0	0	0	0	0	0	0	0	0	0	0.17159	0	0	0	0	0	0	0	0
A_Profesional	0	0	0	0	0	0.47338	0	0	0	0	0	0	0.19526	0.32227	0.10071	0	0	0	0	0.50419	0.44764	0	0.11215	0.16833	0	0	0	0	0	0	0	0	0	0	0	0	0	0	0	0	0	0.20661	0	0	0	0	0	0	0.15203	0	0	0	0
A_Preparatoria	0	0	0	0	0.10889	0.51696	0	0	0	0	0	0.10519	0.12826	0.22503	0.15576	0	0	0	0	0.5266	0.76906	0	0	0.15806	0	0	0	0	0	0	0	0	0	0	0	0.11158	0	0	0	0	0	0.10062	0	0	0	0	0	0	0.13099	0	0	0	0
A_Profesional	0	0	0	0	0	0	0	0	0	0	0.15719	0	0.13227	0.40078	0	0	0	0	0	0.21862	0.18591	0	0	0.12423	0	0	0	0	0	0	0	0	0	0	0	0.15777	0	0	0	0	0	0.2589	0	0	0	0	0	0	0.1303	0	0	0	0
A_Profesional	0	0	0	0	0	0.29757	0	0	0	0	0	0	0	0	0	0	0	0	0	0.99192	0.18739	0	0.12608	0	0	0	0	0	0	0	0	0	0	0	0	0	0	0	0	0.11278	0	0	0	0	0.57565	0	0	0	0.21339	0	0	0	0
A_Profesional	0	0	0	0	0	0.16373	0.30251	0	0	0	0	0	0	0.21972	0	0	0	0	0	0.37041	0.15576	0	0.26487	0.12211	0	0	0	0	0	0	0	0	0	0	0	0	0	0	0	0	0	0.13878	0	0	0.30561	0	0	0	0	0	0	0	0
A_Preparatoria	0	0	0	0	0.50821	0.35294	0.10868	0	0	0	0	0	0	0.1348	0.2153	0	0	0	0	0.43897	0.23412	0.19742	0.43485	0	0	0.1177	0.25443	0	0	0	0	0	0	0	0	0	0	0	0	0.41122	0	0.12193	0	0	0.62184	0	0	0.2301	0.1404	0	0	0	0
A_Profesional	0.10406	0	0	0.15444	0	0.18304	0	0	0	0	0	0	0	0	0.10555	0	0	0	0	0	0	0	0	0	0	0	0	0	0	0	0	0	0	0	0	0	0	0	0	0	0	0	0	0	0	0.22559	0	0	0	0	0	0	0
A_Preparatoria	0	0	0	0	0.66761	0.44386	0	0	0	0	0	0	0	0	0.45828	0	0	0	0	0.36413	0.57705	0.39466	0.33958	0	0	0	0	0	0	0	0	0	0	0	0.14201	0	0	0	0	0.16226	0	0	0	0	0.18971	0	0	0.10795	0.10167	0	0	0	0
A_Preparatoria	0	0	0	0	0.88714	0.64848	0	0	0	0	0	0	0.1319	0	0.5709	0	0	0	0	0.50394	0.63505	0.45234	0.41762	0	0	0	0.25428	0	0	0	0	0	0	0	0.10073	0	0	0	0	0.22254	0	0	0	0	0.44519	0	0	0.10107	0.30087	0	0.14397	0	0
A_Profesional	0	0	0	0	0.57663	0.17169	0	0	0	0	0	0	0	0.22629	0.32318	0	0	0	0.25501	0.14204	0.30073	0.18688	0.25063	0	0	0	0.26732	0	0	0	0	0	0	0	0.11327	0	0	0	0	0.28035	0	0.2157	0	0	0.15308	0	0	0	0	0	0.1251	0	0
A_Preparatoria	0	0	0	0	0.14994	0.22585	0.15949	0	0	0	0	0	0	0.40475	0.16292	0	0	0	0	0.21099	0.28802	0	0.20664	0.15612	0	0	0	0	0	0	0	0	0	0	0	0	0	0	0	0	0	0.2035	0	0	0.12577	0	0	0	0	0	0	0	0
A_Profesional	0	0	0	0	0	0	0	0	0	0	0.2281	0.107	0	0.38024	0	0.28382	0	0	0.26278	0	0	0	0	0	0	0	0	0.33582	0	0	0	0	0.18716	0	0	0.17481	0.10956	0	0	0	0	0.26153	0.12234	0	0	0	0.30516	0	0	0	0	0	0
A_Profesional	0	0	0	0	0.35214	0.2401	0	0	0	0	0	0.11013	0.1362	0.48977	0.299	0	0	0	0.1895	0.29425	0.4125	0.1648	0.13127	0.11247	0	0	0	0	0	0	0	0	0	0	0	0	0	0	0	0	0	0.34996	0	0	0	0	0	0	0.14129	0	0	0	0
A_Profesional	0	0	0	0	0	0	0	0	0	0	0	0	0	0.1189	0	0	0	0	0	0.45489	0	0	0	0	0	0	0.14755	0	0	0	0	0	0	0	0	0.1658	0	0	0	0	0	0	0	0	0.1905	0	0	0	0	0	0.22255	0	0
A_Profesional	0	0	0	0	0	0.16673	0	0	0.14195	0	0	0	0.20168	0.29177	0.114	0	0	0	0	0.18019	0.18875	0	0	0.13139	0	0	0.29285	0	0	0	0	0	0	0.1432	0	0	0	0	0	0	0	0.20348	0	0	0.13285	0	0	0.14524	0	0	0.25464	0	0
A_Profesional	0	0	0	0	0.15412	0.27193	0	0	0	0	0	0	0.12276	0.30537	0.23464	0	0	0	0	0.18093	0.38055	0	0	0	0	0	0	0	0	0	0	0	0	0	0	0.17859	0	0	0	0	0	0	0	0	0	0	0	0	0	0	0	0	0
A_Profesional	0.13804	0	0	0	0	0	0	0	0	0	0	0	0	0.10991	0	0	0	0	0	0	0	0	0	0	0	0	0.9599	0	0	0	0	0	0	0	0	0	0	0	0	0	0	0.1175	0	0	0.14057	0	0	0	0	0	0.92802	0	0
A_Profesional	0	0	0	0	0	0.34858	0.12543	0	0	0	0	0	0.26173	0.22232	0	0	0	0	0	0.28268	0.23842	0	0.16191	0.13556	0	0	0	0	0	0	0	0	0	0	0	0	0	0	0	0	0	0.1597	0	0	0	0	0	0	0	0	0	0	0
A_Profesional	0	0	0	0	0	0	0	0	0	0	0	0.20801	0	0.57467	0	0	0	0	0.38633	0	0	0	0	0.25758	0	0	0	0.21105	0	0	0	0	0	0	0	0.24969	0	0	0	0	0	0.16235	0	0	0	0	0	0	0	0	0	0	0
A_Preparatoria	0	0	0	0	0.19843	0.31841	0	0	0	0	0	0	0	0.23358	0.23695	0	0	0	0	0.23031	0.43648	0.18855	0.1003	0	0	0	0	0	0	0	0	0	0	0	0	0.11979	0	0	0	0	0	0.30476	0	0	0	0	0	0	0.15366	0	0	0	0
A_Preparatoria	0	0	0	0	0	0	0.4515	0	0.22011	0	0	0	0	0.31426	0	0	0	0	0	0	0.10736	0	0.13267	0.17932	0	0	0.13714	0	0	0	0	0.20305	0	0	0	0	0	0	0	0	0	0.13054	0	0	0	0	0	0	0	0	0.10656	0	0
A_Profesional	0	0	0	0	0	0	0	0	0	0	0	0	0.25601	0.3268	0	0	0	0	0	0.29899	0	0	0	0.13663	0	0	0.29343	0	0	0	0	0	0	0.13257	0	0.15196	0	0	0	0	0	0	0	0	0.22434	0	0	0	0	0	0.26935	0	0
A_Profesional	0	0	0	0	0.26908	0.15656	0.14719	0	0	0	0	0	0	0	0.19308	0	0	0	0	0	0.32208	0.27837	0.35184	0	0	0	0.20172	0	0	0	0	0.17086	0	0	0.28161	0.13656	0	0	0	0	0	0	0	0	0.1093	0	0	0	0.15019	0	0.11841	0	0
A_Profesional	0.16349	0	0	0	0	0	0	0	0	0	0	0.10673	0	0.24911	0	0.16106	0	0	0	0	0	0	0	0	0	0	0	0.26241	0	0	0.16391	0	0.13799	0	0	0.39966	0	0	0	0	0	0.11695	0.2158	0	0	0	0.43814	0	0	0.15126	0	0	0
A_Preparatoria	0	0	0	0	0	0.28853	0	0	0	0	0	0	0	0.10175	0.11514	0	0	0	0	0.2869	0.10911	0	0	0	0	0	0.21587	0	0	0	0	0	0	0	0	0	0	0	0	0.10283	0	0.11686	0	0	0.22665	0	0	0	0	0	0.19569	0	0
A_Preparatoria	0	0	0	0	0	0.23164	0.15432	0	0	0	0	0	0.29317	0.14527	0	0	0	0	0	0.69625	0.19873	0	0.22013	0.25512	0	0	0	0	0	0	0	0	0	0	0	0	0	0	0	0	0	0.11114	0	0	0.26837	0	0	0	0.24727	0	0	0	0
A_Preparatoria	0	0	0	0	0	0.33545	0	0	0	0	0	0	0.11434	0.20112	0.16257	0	0	0	0	0.32672	0.31982	0	0	0	0	0	0.11763	0	0	0	0	0	0	0	0	0.10261	0	0	0	0	0	0.15495	0	0	0	0	0	0	0.15713	0	0.11614	0	0
A_Profesional	0	0	0	0	0	0	0	0	0	0	0	0.12831	0.13116	0.89251	0	0	0	0	0	0.15088	0	0	0	0.31182	0	0	0	0	0	0	0	0	0	0	0	0.13609	0	0	0	0	0	0.55259	0	0	0	0	0	0	0	0	0	0	0
A_Profesional	0	0	0	0	0	0.1723	0	0	0	0	0	0	0	0.21974	0	0	0	0	0	0	0.2062	0	0	0	0	0	0.10384	0	0	0	0	0	0	0	0	0.11025	0	0	0	0	0	0.17944	0	0	0	0	0	0	0	0	0	0	0
A_?	0	0	0	0	0	0	0	0	0	0	0	0	0	0	0	0	0	0	0	0	0	0	0	0	0	0	0	0	0	0	0	0	0	0	0	0	0	0	0	0	0	0	0	0	0	0	0	0	0	0	0	0	0
A_Profesional	0	0	0	0	0.135	0.42416	0.12293	0	0.11157	0	0	0	0	0.11188	0.16932	0	0	0	0	0.1439	0.31898	0	0.10579	0	0	0	0	0	0	0	0	0	0	0	0	0	0	0	0	0	0	0	0	0	0	0	0	0	0	0	0	0	0
A_Profesional	0	0	0	0	0	0	0.73907	0	0	0	0	0	0	0.22923	0	0	0	0	0	0	0	0	0.36655	0.13903	0	0	0	0	0	0	0	0.71733	0	0	0	0	0	0	0	0	0	0	0	0	0.14392	0	0	0	0	0	0	0	0
A_Profesional	0.28213	0.10414	0	0	0	0	0	0	0	0	0	0	0	0	0	0.17604	0	0	0	0	0	0	0	0	0	0	0	0.12596	0	0	0	0	0.76782	0	0	0	0.12698	0	0	0	0	0	0.11477	0	0	0	0.37675	0	0	0	0	0	0
A_Profesional	0	0	0	0	0	0	0	0	0	0	0	0	0.15304	0.19121	0	0	0	0	0	0.4614	0.13336	0	0	0	0	0	0	0	0	0	0	0	0	0	0	0	0	0	0	0	0	0	0	0	0.35793	0	0	0	0	0	0	0	0
A_Preparatoria	0	0	0	0	0.11942	0.3694	0	0	0	0	0	0	0.12868	0.23796	0.17346	0	0	0	0	0.23291	0.57351	0.12722	0.13564	0.10553	0	0	0	0	0	0	0	0	0	0	0	0.2094	0	0	0	0	0	0	0	0	0	0	0	0	0	0	0	0	0
A_Profesional	0	0	0	0	0.69711	0.24351	0	0	0	0	0	0	0.20329	0	0.44133	0	0	0	0	0.16448	0.52482	0.48925	0.26671	0	0	0	0.12425	0	0	0	0	0	0	0	0.24177	0	0	0	0	0.12929	0	0	0	0	0.1044	0	0	0	0.15991	0	0	0	0
A_Preparatoria	0	0	0	0	0	0	0	0	0	0	0	0	0.17102	0.44724	0	0	0	0	0	0.12857	0	0	0	0	0	0	0	0	0	0	0	0	0	0	0	0	0	0	0.14646	0	0	0.37	0	0	0	0	0.10034	0	0	0	0	0	0
A_Preparatoria	0	0	0	0	0.63652	0.53028	0	0	0	0	0	0	0	0	0.54341	0	0	0	0	0.37958	0.51547	0.50594	0.21446	0	0	0	0	0	0	0	0	0	0	0	0	0	0	0	0	0.13907	0	0	0	0	0	0	0	0	0.1134	0	0	0	0
A_Profesional	0	0	0	0	0.15214	0.34772	0	0	0	0	0	0	0	0.1374	0.29194	0	0	0	0	0.38652	0.71983	0.25695	0	0	0	0	0	0	0	0	0	0	0	0	0	0	0	0	0	0	0	0	0	0	0	0	0	0	0.13616	0	0	0	0
A_Preparatoria	0.18015	0	0	0	0	0	0	0	0	0	0.10599	0	0	0.27295	0	0.25797	0	0	0.44236	0	0	0	0	0	0	0	0.10424	0.30933	0	0	0	0	0.30503	0	0	0	0.10549	0	0	0	0.22578	0.22554	0.30893	0	0	0	0.38966	0	0	0.1047	0	0	0.42843
A_Profesional	0.10537	0	0	0	0	0.22693	0	0	0	0	0	0	0	0	0.13472	0	0	0	0	0	0.27055	0	0	0	0	0	0	0	0	0	0	0	0	0	0	0.20724	0	0	0	0	0	0	0	0	0	0	0	0	0	0	0	0	0
A_Profesional	0	0	0	0	0	0.27001	0	0	0	0	0	0	0	0.41434	0.15438	0	0	0	0	0.24442	0.37356	0	0.1294	0.1106	0	0	0	0	0	0	0	0	0	0	0	0	0	0	0	0	0	0.33573	0	0	0	0	0	0	0	0	0	0	0
A_Profesional	0	0	0	0	0.42069	0.50991	0	0	0	0	0	0	0	0.16944	0.28777	0	0	0	0	0.16537	0.51615	0.11008	0.15701	0	0	0	0	0	0	0	0	0	0	0	0	0	0	0	0	0	0	0	0	0	0	0	0	0	0	0	0	0	0
A_Preparatoria	0	0	0	0	0	0	0	0	0	0	0	0	0.42372	0.20209	0	0	0	0	0	0.18558	0	0	0	0.1195	0	0	0	0	0	0	0	0	0	0	0	0	0	0	0	0	0	0.32127	0	0	0	0	0	0	0.39717	0.17947	0	0	0
A_Preparatoria	0	0	0	0	0	0.12535	0.10617	0	0	0	0	0.1213	0.1313	0.30518	0	0	0	0	0	0.10538	0.1138	0	0	0	0	0	0	0.13895	0	0	0	0	0	0	0	0.39406	0	0	0	0	0	0	0	0	0	0	0	0	0	0	0	0	0
A_Preparatoria	0	0	0	0	0	0.45179	0	0	0	0	0	0	0.20286	0	0	0	0	0	0	0.15276	0.13169	0	0	0	0	0	0	0	0	0	0	0	0	0	0	0	0	0	0	0	0	0.14578	0	0	0	0	0	0	0.29913	0	0	0	0
A_Preparatoria	0	0	0	0	0	0.3285	0	0	0	0	0	0	0	0	0.10912	0	0	0	0	0.80505	0.40273	0	0	0	0	0	0	0	0	0	0	0	0	0	0	0	0	0	0	0	0	0	0	0	0.15004	0	0	0	0	0	0	0	0
A_Preparatoria	0	0	0	0	0	0.13567	0	0	0	0	0	0	0	0.6025	0.19852	0	0	0	0	0.13442	0.26609	0	0.18932	0	0	0	0.29726	0	0	0	0	0	0	0	0	0	0	0	0	0.13418	0	0.19866	0	0	0.17314	0	0	0	0	0	0.17421	0	0
A_Preparatoria	0	0	0	0	0	0	0.45044	0	0	0	0	0.11373	0	0.39072	0	0	0	0	0.18067	0	0	0	0.20595	0.19607	0	0	0	0	0	0	0	0.51699	0	0	0	0	0	0	0	0	0	0.27996	0	0	0	0	0	0	0	0	0	0	0
A_Preparatoria	0	0	0	0	0	0.37633	0	0	0	0	0	0.20985	0.21558	0.25269	0	0	0	0	0.16067	0.17266	0.11276	0	0	0.12069	0	0	0	0	0	0	0	0	0	0	0	0.10126	0	0	0	0	0	0.17774	0	0	0	0	0	0	0	0	0	0	0
A_Preparatoria	0.23425	0	0.12813	0	0	0	0	0	0	0	0	0	0	0	0	0.11265	0	0	0.30454	0	0	0	0	0	0	0	0	0.782	0	0	0.29221	0	0	0	0	0.44512	0.17411	0	0	0	0.1643	0	0	0	0	0	0.24224	0	0	0	0	0	0
A_Profesional	0	0	0	0	0	0	0	0	0.10096	0.1065	0.13207	0.14626	0.24174	0.14077	0	0.14111	0	0	0	0	0	0	0	0	0	0	0	0.12909	0	0	0	0	0	0	0	0.14618	0	0	0	0	0	0	0	0	0	0	0.12449	0	0	0	0	0	0
A_Preparatoria	0	0	0	0	0	0	0	0	0	0	0	0	0	0.42884	0	0.13503	0	0	0.2306	0.1992	0	0	0	0.10566	0	0	0	0	0	0	0	0	0	0	0	0	0	0	0	0.11532	0.16903	0.37377	0.17589	0	0.20101	0	0.19373	0.10514	0	0	0	0	0.27306
A_Preparatoria	0	0	0	0	0	0.26013	0	0	0	0	0	0	0.18339	0.18329	0	0	0	0	0.11623	0.21027	0.10556	0	0	0	0	0	0	0	0	0	0	0	0	0	0	0.15548	0	0	0	0	0	0.11154	0	0	0	0	0	0	0	0	0	0	0
A_Preparatoria	0	0	0	0	0	0.22013	0.11529	0	0	0	0	0	0	0	0	0	0	0	0	0.56246	0.15419	0	0.34323	0	0	0	0.1321	0	0	0	0	0	0	0.10231	0	0	0	0	0	0	0	0.11803	0	0	0.58258	0	0	0.10246	0	0	0	0	0
A_Preparatoria	0	0	0	0	0	0	0	0	0	0	0	0	0.17428	0.15048	0	0	0	0	0	0.17516	0	0	0.16129	0	0	0	0.11449	0	0	0	0	0	0	0	0	0.13026	0	0	0	0	0	0.26776	0	0	0.12884	0	0	0	0.93206	0.29029	0	0	0
A_Preparatoria	0	0	0	0	0	0.51745	0	0	0	0	0	0	0	0.14661	0.19241	0	0	0	0	0.37916	0.64167	0.13036	0	0	0	0	0	0	0	0	0	0	0	0	0	0	0	0	0	0	0	0.10707	0	0	0	0	0	0	0.10802	0	0	0	0
A_Profesional	0	0	0	0	0	0	0	0	0	0	0	0	0	0.29261	0	0	0	0	0.26434	0.33466	0.1575	0	0	0.12342	0	0	0	0.24772	0	0	0	0	0	0	0	0.1689	0	0	0	0	0	0.15594	0	0	0	0	0.12614	0	0	0	0	0	0
A_Preparatoria	0.33818	0	0	0	0	0	0	0	0	0	0	0	0	0.14176	0	0.14995	0	0	0	0.20835	0	0	0	0	0	0	0	0.23966	0	0	0.10581	0	0.13893	0	0	0.17433	0.14121	0	0	0	0.23939	0	0.10374	0	0.11831	0	0.23636	0	0	0.24744	0	0	0
A_Profesional	0	0	0	0	0	0.27036	0	0	0.13871	0	0	0	0.22573	0.25946	0.12131	0	0	0	0	0.34245	0.31975	0	0	0.14458	0	0	0	0	0	0	0	0	0	0	0	0.11207	0	0	0	0	0	0.1577	0	0	0	0	0	0	0.30765	0	0	0	0
A_Preparatoria	0	0	0	0	0	0.33595	0	0	0	0	0	0	0.21995	0.16468	0.19064	0	0	0	0	0.1929	0.43797	0	0	0.13825	0	0	0	0	0	0	0	0	0	0	0	0	0	0	0	0	0	0.12478	0	0	0	0	0	0	0.1066	0	0	0	0
A_?	0	0	0	0	0	0	0	0	0	0	0	0	0	0	0	0.21821	0	0	0.23009	0	0	0	0	0	0	0	0	0.27963	0	0	0.16712	0	0.1315	0	0	0	0	0	0	0	0.1607	0	0.4463	0	0	0	0.57709	0	0	0	0	0	0.52603
A_Profesional	0	0	0	0	0	0	0	0	0	0	0	0.17163	0	0.54077	0	0	0	0	0	0	0.12684	0	0	0	0	0	0	0	0	0	0	0	0	0	0	0.3468	0	0	0	0	0	0.18375	0	0	0	0	0	0	0	0	0	0	0
A_Profesional	0	0	0	0	0	0.33069	0	0	0	0	0	0	0.1089	0.28249	0.13563	0	0	0	0	0.35943	0.36129	0	0.12463	0.10695	0	0	0.16674	0	0	0	0	0	0	0	0	0	0	0	0	0	0	0.32636	0	0	0.1307	0	0	0	0.11445	0	0.10907	0	0
A_Preparatoria	0	0	0	0	0	0	0	0	0	0	0.15545	0	0	0.37869	0	0	0	0	0	0	0.11511	0	0	0	0	0	0.39713	0	0	0	0	0	0	0	0	0.1982	0	0	0	0	0	0.20148	0	0	0	0	0	0	0	0	0.44467	0	0
A_Profesional	0	0	0	0	0	0	0.1694	0	0.10636	0	0	0	0	0.35012	0	0	0	0	0.24746	0.16519	0	0	0	0.15004	0	0	0	0	0	0	0	0	0	0.1844	0	0	0	0	0	0	0	0.29171	0	0	0	0	0	0.10966	0	0	0	0	0
A_Profesional	0	0	0	0	0	0	0	0	0	0	0.17271	0.24562	0	0.33258	0	0.12646	0	0	0.21175	0	0	0	0	0	0	0	0	0.16224	0	0	0	0	0	0	0	0.31903	0	0	0	0	0	0.25782	0	0	0	0	0.2334	0	0	0	0	0	0
A_Preparatoria	0	0	0	0	0	0	0.43439	0	0	0	0	0	0	0.28144	0	0	0	0	0	0.13068	0.1079	0	0.39493	0.15046	0	0	0	0	0	0	0	0.28745	0	0	0	0	0	0	0	0	0	0.18934	0	0	0.12569	0	0	0	0	0	0	0	0
A_Preparatoria	0	0	0	0	0.81771	0.42303	0	0	0	0	0	0	0.14913	0	0.24204	0	0	0	0	0.40246	0.22454	0	0.25629	0	0	0	0	0	0	0	0	0	0	0	0	0	0	0	0	0.15485	0	0	0	0	0.396	0	0	0.11863	0	0	0	0	0
A_Preparatoria	0	0	0	0	0	0	0	0	0	0	0.11218	0	0	0.14347	0	0	0	0	0	0	0	0	0	0	0	0	0.17744	0	0	0	0	0	0	0	0	0.64528	0	0	0	0	0	0	0	0	0	0	0	0	0	0	0.22297	0	0
A_Preparatoria	0	0	0	0	0.97212	0.54342	0	0	0	0	0	0	0	0	0.60237	0	0	0	0	0.26535	0.54255	0.41873	0.2389	0	0	0	0	0	0	0	0	0	0	0	0	0	0	0	0	0	0	0	0	0	0.10643	0	0	0	0	0	0	0	0
A_Profesional	0	0	0	0	0	0.30248	0	0	0	0	0	0	0	0.16425	0.22126	0	0	0	0	0.24703	0.50828	0	0.10729	0	0	0	0	0	0	0	0	0	0	0	0	0	0	0	0	0	0	0.1062	0	0	0	0	0	0	0	0	0	0	0
A_Profesional	0	0	0	0	0	0.24947	0	0	0	0	0	0	0.1782	0.20242	0	0	0	0	0	0.665	0.33735	0	0	0.15873	0	0	0	0	0	0	0	0	0	0	0	0	0	0	0	0	0	0.22625	0	0	0.10941	0	0	0	0.29368	0	0	0	0
A_Profesional	0.1174	0	0	0	0	0	0	0	0	0	0	0	0	0	0	0.29681	0	0	0	0	0	0	0	0	0	0	0	0.28268	0	0	0.15895	0	0.1442	0	0	0.16598	0.15657	0	0	0	0.1492	0.18713	0.13304	0	0	0	0.7023	0	0	0.41182	0	0	0.18447
A_Profesional	0	0	0	0	0.28902	0.33048	0	0	0	0	0	0	0.22717	0.18041	0.32199	0	0	0	0	0.11785	0.35294	0.10318	0	0	0	0	0	0	0	0	0	0	0	0	0	0.12196	0	0	0	0	0	0	0	0	0	0	0	0	0	0	0	0	0
A_Preparatoria	0.4367	0.20269	0	0	0	0	0	0.15372	0	0	0	0	0	0	0	0.26473	0	0	0	0	0	0	0	0	0	0	0	0.29128	0	0	0	0	0.34678	0	0	0	0.27936	0.10484	0	0	0.77603	0	0	0	0	0	0.42315	0	0	0.1058	0	0	0.29964
A_Profesional	0	0	0	0	0	0	0	0	0	0	0.12436	0.39341	0	0.53522	0	0	0	0	0.3863	0	0	0	0	0	0	0	0.11367	0.15325	0	0	0	0	0	0	0	0.28541	0	0	0	0	0	0.32373	0	0	0	0	0	0	0	0	0.10146	0	0
A_Preparatoria	0	0	0	0	0.96703	0.55313	0	0	0	0	0	0	0	0	0.36941	0	0	0	0	0.20774	0.23575	0.15125	0.21766	0	0	0	0	0	0	0	0	0	0	0	0	0	0	0	0	0	0	0	0	0	0	0	0	0	0	0	0	0	0
A_Profesional	0	0	0	0	0.44564	0.18537	0	0	0	0	0	0	0	0.12803	0.17912	0	0	0	0	0.34158	0.23349	0.15629	0.45963	0	0	0	0.84633	0	0	0	0	0	0	0.13195	0.11209	0	0	0	0	0.52362	0	0	0	0	0.57517	0	0	0.10417	0.17411	0	0.57599	0	0
A_Preparatoria	0	0	0	0	0.23393	0.19903	0	0	0	0	0	0	0	0	0.21532	0	0	0	0	0.2096	0.40621	0.164	0.18719	0	0	0	0.63269	0	0	0	0	0	0	0	0	0	0	0	0	0	0	0	0	0	0.23858	0	0	0.10899	0	0	0.55592	0	0
A_Profesional	0	0	0	0	0	0	0	0	0	0	0	0	0	0.25622	0	0	0	0	0.1282	0.18941	0.10683	0	0	0	0	0	0	0.25388	0	0	0	0	0	0	0	0.19225	0	0	0	0	0	0.15798	0	0	0	0	0.17211	0	0	0	0	0	0
A_Preparatoria	0	0	0	0	0	0	0	0	0	0	0.21393	0	0	0.28545	0	0.19357	0	0	0	0.16713	0	0	0	0	0	0	0.1519	0	0	0	0	0	0.14291	0	0	0.15373	0	0	0	0	0	0.25388	0	0	0	0	0.15152	0	0	0	0.18599	0	0
A_Preparatoria	0	0	0	0	0	0.38808	0	0	0	0	0	0	0.10378	0.27942	0.13148	0	0	0	0	0.30107	0.48745	0	0	0.11761	0	0	0	0	0	0	0	0	0	0	0	0.13503	0	0	0	0	0	0.19989	0	0	0	0	0	0	0.10797	0	0	0	0
A_?	0	0	0	0	0	0	0	0	0.27438	0	0	0	0.37157	0.13075	0	0	0	0	0	0	0	0	0	0	0	0.12802	0	0	0	0	0	0	0	0	0	0	0	0	0	0	0	0	0	0	0	0	0	0	0.20555	0.12745	0	0	0
A_Profesional	0	0	0	0	0	0	0	0	0.27438	0	0	0	0.37157	0.13075	0	0	0	0	0	0	0	0	0	0	0	0.12802	0	0	0	0	0	0	0	0	0	0	0	0	0	0	0	0	0	0	0	0	0	0	0.20555	0.12745	0	0	0
A_Profesional	0	0	0	0	0	0	0	0	0	0	0	0	0	0	0	0	0	0	0	0.10299	0	0	0.35001	0	0	0	0.86438	0	0	0	0	0	0	0	0	0	0	0	0	0.14678	0	0	0	0	0.53495	0	0	0	0.2427	0	0.71746	0	0
A_Profesional	0.17795	0.16928	0	0	0	0	0	0	0	0	0	0	0	0	0	0.34306	0	0	0	0	0	0	0	0	0.10752	0	0	0.55272	0	0	0.39865	0	0.26448	0	0	0.16742	0.59075	0.1719	0.31216	0	0	0	0	0	0	0	0.61243	0	0	0.27994	0	0	0.11446
A_Preparatoria	0	0	0	0	0.62851	0.68525	0	0	0	0	0	0	0	0	0.51781	0	0	0	0	0.54906	0.72131	0.34656	0.13901	0	0	0	0	0	0	0	0	0	0	0	0	0	0	0	0	0	0	0	0	0	0.12643	0	0	0	0.16397	0	0	0	0
A_Profesional	0	0	0	0	0.21311	0.25563	0.40724	0	0.13858	0	0	0	0.23975	0.15224	0.15425	0	0	0	0	0.60816	0.28123	0.14651	0.55332	0.31849	0	0.131	0	0	0	0	0	0.19361	0	0.13112	0	0	0	0	0	0.25662	0	0.12988	0	0	0.35291	0	0	0.30806	0.14686	0	0	0	0
A_Preparatoria	0	0	0	0	0	0.12852	0	0	0	0	0.24547	0.18842	0	0.35563	0.10365	0.10596	0	0	0.23573	0	0.13397	0	0	0	0	0	0.11434	0	0	0	0	0	0	0	0	0	0	0	0	0	0	0.26582	0	0	0	0	0.14281	0	0	0	0	0	0
A_Preparatoria	0	0	0	0	0	0.3354	0	0	0	0	0	0	0	0.1039	0	0	0	0	0	0.24863	0.28865	0	0	0	0	0	0	0	0	0	0	0	0	0	0	0.13614	0	0	0	0	0	0.10655	0	0	0	0	0	0	0.19356	0	0	0	0
A_Preparatoria	0	0	0	0	0	0	0.78187	0	0.3938	0	0	0	0.20885	0	0	0	0	0	0	0	0	0	0.4135	0.23932	0	0.31184	0	0	0	0	0	0.34476	0	0	0	0	0	0	0	0	0	0.10973	0	0	0	0	0	0.13914	0	0	0	0	0
A_Preparatoria	0	0	0	0	0.16467	0.15597	0.15552	0	0	0	0	0	0	0.25542	0.13846	0	0	0	0.16907	0.2018	0.34866	0	0.31038	0	0	0	0.23864	0	0	0	0	0.12197	0	0.10424	0	0	0	0	0	0	0	0.25107	0	0	0.18039	0	0	0	0	0	0.1701	0	0
A_Profesional	0	0	0	0	0	0	0	0	0	0	0.30499	0.1132	0	0.53111	0	0.12491	0	0	0	0	0	0	0	0	0	0	0.13771	0	0	0	0	0	0	0	0	0.30882	0	0	0.34798	0	0	0.46895	0	0	0	0	0.10912	0	0	0	0.12759	0	0
A_Profesional	0	0	0	0	0	0	0	0	0.14094	0	0	0	0	0.29191	0	0.10754	0	0	0	0.70811	0	0	0	0.26556	0	0.13503	0	0	0	0	0	0	0	0.24161	0	0	0	0	0	0	0	0.17855	0	0	0.2006	0	0	0.22845	0	0	0	0	0
A_?	0	0	0	0	0	0	0	0	0	0	0	0	0	0	0	0	0	0	0	0	0	0	0	0	0	0	0	0	0	0	0	0	0	0	0	0	0	0	0	0	0	0	0	0	0	0	0	0	0	0	0	0	0
A_Preparatoria	0	0	0	0	0.31462	0.28855	0	0	0	0	0	0	0	0.13207	0.2191	0	0	0	0.10351	0.17536	0.27224	0.12857	0.27948	0	0	0	0.15495	0	0	0	0	0	0.16487	0	0	0	0	0	0	0.19058	0	0.10945	0	0	0	0	0	0	0	0	0	0	0
A_Profesional	0	0	0	0	0.65484	0.40059	0.2598	0	0	0	0	0	0.2503	0.15428	0.33415	0	0	0	0	0.22815	0.39325	0.31286	0.58735	0	0	0	0.10156	0	0	0	0	0.17997	0	0	0.14008	0	0	0	0	0.20729	0	0	0	0	0.14043	0	0	0	0	0	0	0	0
A_Preparatoria	0	0	0	0	0.60849	0.32381	0	0	0	0	0	0	0	0.28807	0.34394	0	0	0	0.33723	0.21371	0.55439	0.23987	0.2419	0	0	0	0.10906	0	0	0	0	0	0	0	0	0	0	0	0	0	0	0.13423	0	0	0	0	0	0	0	0	0	0	0
A_Preparatoria	0	0	0	0	0.41208	0.34261	0.19106	0	0	0	0	0	0	0.15139	0.30413	0	0	0	0	0.18336	0.4797	0.31335	0.32303	0	0	0	0	0	0	0	0	0.15727	0	0	0.14412	0	0	0	0	0	0	0.17302	0	0	0	0	0	0.1376	0	0	0	0	0
A_Preparatoria	0	0	0	0	0	0	0	0	0	0	0.41955	0	0	0.15311	0	0.44703	0	0	0	0	0	0	0	0	0	0	0	0.33947	0	0	0.14501	0	0.15128	0	0	0.1912	0.31345	0	0.10452	0	0	0.15414	0.13438	0	0	0	0.4119	0	0	0	0	0	0
A_Preparatoria	0	0	0	0	0	0.16764	0.18492	0	0.13239	0	0	0	0	0.19043	0.10103	0	0	0	0	0.10875	0.21576	0	0.208	0	0	0	0.31825	0	0	0	0	0	0	0	0	0	0	0	0	0.15062	0	0.10997	0	0	0.14401	0	0	0	0	0	0.20064	0	0
A_Profesional	0	0	0	0	0	0	0.19479	0	0	0	0	0	0.1526	0.5986	0	0	0	0	0	0.46102	0	0	0.14912	0.39652	0	0	0	0	0	0	0	0	0	0	0	0	0	0	0.13978	0	0	0.37087	0	0	0.36313	0	0	0.13063	0	0	0	0	0
A_Profesional	0	0	0	0	0	0.40721	0	0	0	0	0	0	0	0.14783	0.10709	0	0	0	0	0.19847	0.27823	0	0	0	0	0	0	0.10111	0	0	0	0	0	0	0	0	0	0	0	0	0	0	0	0	0	0	0	0	0	0	0	0	0
A_Maestría	0	0	0	0	0	0.18205	0	0	0	0	0	0	0	0.25808	0	0	0	0	0	0.24698	0.14598	0	0.10109	0	0	0	0	0	0	0	0	0	0	0	0	0	0	0	0	0	0	0.26758	0	0	0	0	0	0	0	0	0	0	0
A_Profesional	0	0	0	0	0	0	0	0	0.12188	0	0	0	0	0.15183	0	0.10584	0	0	0.12869	0	0	0	0	0	0	0	0	0.28516	0	0	0.21474	0	0	0	0	0.11244	0.15925	0	0.3848	0	0.23556	0.16167	0	0	0	0	0.21926	0	0	0.15225	0	0	0.2231
A_Preparatoria	0	0	0	0	0	0.42441	0	0	0	0	0	0	0	0.16855	0.12063	0	0	0	0	0.25229	0.22836	0	0	0.11848	0	0	0	0	0	0	0	0	0	0	0	0.10736	0	0	0	0	0	0.11039	0	0	0	0.15563	0	0	0.11321	0	0	0	0
A_Profesional	0	0	0	0	0	0	0	0	0	0	0.21262	0	0	0.27107	0	0.37148	0	0	0	0	0	0	0	0	0	0	0	0	0	0	0	0	0	0	0	0	0	0	0.15203	0	0	0.12562	0	0	0	0	0.26531	0	0	0	0	0	0
A_Profesional	0	0	0	0	0	0.18037	0	0	0	0	0.15614	0	0	0.47694	0.12283	0	0	0	0	0.34175	0.36797	0	0	0	0	0	0.13799	0	0	0	0	0	0	0	0	0.15973	0	0	0	0	0	0.16495	0	0	0.12954	0	0	0	0	0	0.11826	0	0
A_Profesional	0	0	0.1924	0	0	0.21254	0	0	0	0	0	0.11572	0	0.19754	0.12481	0	0	0	0	0	0.34026	0.17211	0	0	0	0	0	0.11544	0	0	0	0	0	0	0	0.17706	0	0	0.1497	0	0	0.14809	0	0	0	0	0.15568	0	0	0	0	0	0
A_Profesional	0	0	0	0	0	0.14492	0	0	0	0	0.10565	0.11287	0	0.35007	0.13237	0.10991	0	0	0.26687	0	0.14709	0	0	0	0	0	0	0	0	0	0	0	0	0	0	0	0	0	0	0	0.26343	0.34805	0	0	0	0	0.18694	0	0	0	0	0	0.14052
A_Preparatoria	0	0	0	0	0.25025	0.39721	0	0	0	0	0	0	0.17001	0	0	0	0	0	0	0.5211	0.32998	0.13786	0.30531	0	0	0	0	0	0	0	0	0	0	0	0.14692	0	0	0	0	0	0	0	0	0	0.11925	0	0	0	0.78889	0	0	0	0
A_?	0	0	0	0	0	0.47069	0.10083	0	0	0	0	0.19171	0	0.14558	0	0	0	0	0.15994	0.22201	0.26427	0	0.12991	0	0	0	0	0	0	0	0	0	0	0	0	0.27801	0	0	0	0	0	0.1751	0	0	0	0	0	0	0.15906	0	0	0	0
A_Preparatoria	0	0	0	0	0	0.27619	0	0	0	0	0	0.12611	0	0.34934	0.12928	0	0	0	0	0.16446	0.26274	0	0	0	0	0	0	0	0	0	0	0	0	0	0	0.12303	0	0	0	0	0	0.17975	0	0	0	0	0	0	0	0	0	0	0
A_Preparatoria	0	0	0	0	0	0.21359	0	0	0	0	0	0	0	0	0	0	0	0	0	0.82819	0.21723	0	0.11924	0	0	0	0	0	0	0	0	0	0	0	0	0	0	0	0	0	0	0.11734	0	0	0.42546	0	0	0	0.16438	0	0	0	0
A_Preparatoria	0.13407	0	0	0	0	0	0	0.12924	0	0	0	0	0	0.18335	0	0.17247	0	0	0.16274	0	0	0	0	0	0	0	0	0.65305	0	0	0.42571	0	0.21141	0	0	0.22245	0.28212	0	0.13679	0	0	0.24669	0	0	0	0	0.3054	0	0	0.30683	0	0	0.20079
A_Preparatoria	0.11748	0	0	0	0	0.13016	0	0	0	0	0	0	0.15363	0	0	0	0	0	0	0	0	0	0	0	0	0	0	0	0	0	0	0	0	0	0	0	0	0	0	0	0	0	0	0	0	0.14432	0	0	0	0	0	0	0
A_Preparatoria	0	0	0	0	0	0.28608	0	0	0	0	0	0	0	0.1294	0	0	0	0	0	0	0	0	0	0	0	0	0	0	0	0	0	0	0	0	0	0.11658	0	0	0	0	0	0.1259	0	0	0	0	0	0	0	0	0	0	0
A_Preparatoria	0	0	0	0	0	0	0	0.10648	0	0	0	0	0.1713	0.10724	0	0	0	0	0	0.18042	0.10917	0	0	0	0	0	0	0	0	0	0	0	0	0	0	0	0	0	0	0	0	0.20776	0	0	0	0	0	0	0.7844	0.49682	0	0	0
A_Preparatoria	0	0	0	0	0	0	0	0	0	0	0	0.18032	0.13314	0.24896	0	0	0	0	0.24392	0	0	0	0	0	0	0	0	0.32565	0	0	0.13727	0	0	0	0	0.2532	0	0	0	0	0	0	0	0	0	0	0	0	0	0	0	0	0
A_Preparatoria	0	0	0	0	0	0	0	0	0	0	0.10325	0.10434	0	0	0	0.21333	0	0	0.13157	0	0	0	0	0	0	0	0	0.37775	0	0	0.11253	0	0.72793	0	0	0.28712	0	0	0	0	0	0	0	0	0	0	0.39417	0	0	0	0	0	0.11403
A_Preparatoria	0	0	0	0	0.56105	0.37773	0.24801	0	0	0	0	0	0	0.10686	0.34497	0	0	0	0	0.29516	0.62004	0.22646	0.47886	0	0	0	0	0	0	0	0	0.31677	0	0	0.12549	0	0	0	0	0.10902	0	0	0	0	0.12127	0	0	0	0	0	0	0	0
A_Preparatoria	0	0	0	0	0.1121	0.55201	0	0	0	0	0	0.16651	0	0	0.31146	0	0	0	0.15858	0.15091	0.51522	0	0	0.12546	0	0	0	0	0	0	0	0	0	0	0	0.13336	0	0	0	0	0	0	0	0	0	0	0	0	0	0	0	0	0
A_Preparatoria	0	0	0	0	0	0	0.29872	0	0.21278	0	0	0	0	0	0	0.11404	0	0	0.34105	0	0	0	0	0	0	0.14404	0	0.37083	0	0	0.20017	0	0	0	0	0	0	0	0	0	0.22329	0	0	0	0	0	0.19208	0	0	0	0	0	0.17537
A_Profesional	0	0	0.13997	0	0	0	0	0	0	0	0.50776	0.13391	0	0.33381	0	0.24698	0	0	0	0	0	0	0	0	0	0	0	0	0	0	0	0	0	0	0	0.17528	0	0	0	0	0	0.14423	0.25228	0	0	0	0.24867	0	0	0	0	0	0
A_Preparatoria	0	0	0	0	0.40251	0.11652	0.13158	0	0	0	0	0	0	0.13065	0.21232	0	0	0	0	0.28991	0.29293	0.40031	0.53971	0	0	0	0.45569	0	0	0	0	0	0	0.30299	0.20377	0	0	0	0	0.41509	0	0.23818	0	0	0.44534	0	0	0.38521	0.13551	0	0.17939	0	0
A_Profesional	0	0	0	0	0	0.36007	0	0	0	0	0	0	0.10248	0.15404	0.18068	0	0	0	0	0.10915	0.40606	0	0	0	0	0	0	0	0	0	0	0	0	0	0	0	0	0	0	0	0	0	0	0	0	0	0	0	0	0	0	0	0
A_Preparatoria	0	0	0	0	0	0	0.69204	0	0	0	0	0	0	0	0	0	0	0	0	0.10911	0	0	0.72678	0	0	0	0.21301	0	0	0	0	0.69365	0	0	0.21343	0	0	0	0	0.14307	0	0	0	0	0.27991	0	0	0	0.16203	0	0.1068	0	0
A_?	0	0	0	0	0	0	0	0	0	0	0	0	0	0	0	0	0	0	0	0	0	0	0	0	0	0	0	0	0	0	0	0	0	0	0	0	0	0	0	0	0	0	0	0	0	0	0	0	0	0	0	0	0
A_Preparatoria	0	0	0	0.10394	0	0.14781	0	0	0	0	0	0	0.30896	0.11326	0	0	0	0	0	0	0	0	0	0	0	0	0	0.14381	0	0	0.15695	0	0	0	0	0.17326	0	0	0	0	0	0	0	0	0	0	0	0	0	0	0	0	0
A_Preparatoria	0	0	0	0.11265	0.11784	0.32499	0	0	0	0	0	0	0.11929	0	0.10402	0	0	0	0	0	0	0	0	0	0	0	0	0	0	0	0	0	0	0	0	0	0	0	0	0	0	0	0	0	0	0.14778	0	0	0	0	0	0	0
A_?	0	0	0	0	0	0	0	0	0	0	0	0	0	0	0	0	0	0	0	0	0	0	0	0	0	0	0	0	0	0	0	0	0	0	0	0	0	0	0	0	0	0	0	0	0	0	0	0	0	0	0	0	0
A_Preparatoria	0	0	0	0	0	0	0.17713	0	0	0	0	0	0	0.10797	0.10897	0.1643	0	0	0	0	0	0	0	0	0	0	0	0	0	0	0	0	0.37381	0	0	0	0	0	0	0	0	0.11509	0.79974	0	0	0	0.24986	0	0	0	0	0	0
A_Preparatoria	0	0	0	0	0	0.21677	0	0	0	0	0	0	0	0.30896	0.10815	0	0	0	0	0.12821	0.57665	0	0	0	0	0	0	0	0	0	0	0	0	0	0	0.29263	0	0	0	0	0	0.11703	0	0	0	0	0	0	0	0	0	0	0
A_Preparatoria	0	0	0	0	0	0.13089	0	0	0	0	0	0	0.1408	0.24838	0	0	0	0	0	0.23807	0.17775	0	0	0	0	0	0.13879	0	0	0	0	0	0	0	0	0.2041	0	0	0	0	0	0.10694	0	0	0.26241	0	0	0	0.11195	0	0.14647	0	0
A_Profesional	0	0	0	0	0	0	0	0	0	0	0	0	0	0.14902	0	0	0	0	0	0.18665	0	0	0	0	0	0	0	0.16684	0	0	0.17211	0	0	0	0	0	0.101	0	0.43386	0	0	0.20623	0	0	0.13316	0	0	0	0	0.10158	0	0	0
A_?	0	0	0	0	0	0	0.10712	0	0.15958	0	0	0	0.1851	0.34555	0	0	0	0	0	0.38957	0	0	0	0.26105	0	0	0	0	0	0	0	0	0	0	0	0.15022	0	0	0	0	0	0.22555	0	0	0.16175	0	0	0	0.14508	0	0	0	0
A_Preparatoria	0	0	0	0	0.70335	0.63663	0	0	0	0	0	0	0	0	0.46955	0	0	0	0	0.37846	0.78475	0.43326	0.16685	0	0	0	0	0	0	0	0	0	0	0	0	0	0	0	0	0	0	0	0	0	0	0	0	0	0.19568	0	0	0	0
A_Profesional	0	0	0	0	0	0	0.14808	0	0	0	0	0.14439	0	0.23379	0	0	0	0	0.26529	0	0.16416	0	0.10061	0	0	0	0.18808	0.12192	0	0	0	0.12599	0	0	0	0.16542	0	0	0	0	0	0.13043	0	0	0	0	0	0	0	0	0.17234	0	0
A_Profesional	0	0	0	0	0	0	0.14808	0	0	0	0	0.14439	0	0.23379	0	0	0	0	0.26529	0	0.16416	0	0.10061	0	0	0	0.18808	0.12192	0	0	0	0.12599	0	0	0	0.16542	0	0	0	0	0	0.13043	0	0	0	0	0	0	0	0	0.17234	0	0
A_Profesional	0	0	0	0	0.41086	0.52385	0	0	0	0	0	0	0.20453	0	0.23196	0	0	0	0	0.60696	0.37356	0	0.20808	0.14816	0	0	0	0	0	0	0	0	0	0	0	0	0	0	0	0.1892	0	0.19835	0	0	0.31493	0	0	0.1022	0.33236	0	0	0	0
A_Preparatoria	0	0	0	0	0	0.47092	0	0	0	0	0	0	0	0.17077	0.1824	0	0	0	0	0.19214	0.51851	0	0	0	0	0	0	0	0	0	0	0	0	0	0	0.15516	0	0	0	0	0	0.15796	0	0	0	0	0	0	0.13742	0	0	0	0
A_Preparatoria	0	0	0	0	0	0	0	0	0	0	0.13499	0	0	0.26748	0	0.19492	0	0	0.16396	0	0	0	0	0	0	0	0	0	0	0	0	0	0.62301	0	0	0	0	0	0	0	0	0.17476	0.16095	0	0	0	0.26927	0	0	0	0	0	0
A_Profesional	0	0	0	0	0	0	0	0	0	0	0	0	0	0.14644	0	0	0	0	0	0.2451	0	0	0.12424	0	0	0	0.2328	0	0	0	0	0	0	0	0	0	0	0	0.24667	0.13963	0	0	0	0	0.87853	0	0	0	0	0	0.15524	0	0
A_Preparatoria	0	0	0	0	0	0.37333	0	0	0	0	0	0	0.13085	0.18896	0.11893	0	0	0	0	0.26778	0.36487	0	0	0	0	0	0	0	0	0	0	0	0	0	0	0	0	0	0	0	0	0	0	0	0	0	0	0	0	0	0	0	0
A_Preparatoria	0	0	0	0	0	0	0.13356	0	0	0	0	0	0.20468	0.3075	0	0	0	0	0	0.29131	0	0	0.39712	0.11369	0	0	0	0	0	0	0	0	0	0	0	0	0	0	0.36115	0.39805	0	0.20975	0	0	0.74122	0	0	0.15589	0	0	0	0	0
A_Preparatoria	0	0	0	0	0.74839	0.30829	0.15335	0	0	0	0	0	0.12654	0	0.48344	0	0	0	0	0.36438	0.49685	0.57185	0.57638	0	0	0	0.30406	0	0	0	0	0.10214	0	0	0.27457	0	0	0	0	0.25949	0	0	0	0	0.4142	0	0	0.13672	0.2285	0	0.18672	0	0
A_Preparatoria	0	0	0	0	0	0	0	0	0	0	0.16704	0.1449	0	0.15403	0	0.24064	0	0	0.50137	0	0	0	0	0	0	0	0	0.29454	0	0	0	0	0	0	0	0	0	0	0	0	0.43722	0	0	0	0	0	0.38463	0	0	0	0	0	0.47518
A_Preparatoria	0	0	0	0	0	0	0	0	0	0	0	0	0	0.21996	0	0	0	0	0	0.12185	0	0	0	0	0	0	0	0.10126	0	0	0	0	0	0	0	0.22227	0	0	0	0	0	0.40596	0	0	0	0	0.12534	0	0	0.11895	0	0	0
A_Profesional	0	0	0	0	0	0	0.17825	0	0	0	0	0	0.13138	0	0	0	0	0	0	0.24588	0.16466	0.10247	0.42038	0	0	0	0.19442	0	0	0	0	0.16965	0	0	0.36126	0	0	0	0	0	0	0.16322	0	0	0.14761	0	0	0	0.95723	0	0.10291	0	0
A_Profesional	0	0	0	0	0.29942	0.53176	0.27809	0	0	0	0	0	0	0	0.19929	0	0	0	0	0.20606	0.39405	0.16013	0.39154	0	0	0	0.14547	0	0	0	0	0.12381	0	0	0	0	0	0	0	0.10124	0	0	0	0	0.14604	0	0	0	0.25888	0	0	0	0
A_Preparatoria	0	0	0	0	0	0.14788	0	0	0	0	0	0	0.2473	0.21408	0	0	0	0	0	0.27247	0	0	0	0	0	0	0	0	0	0	0	0	0	0	0	0	0	0	0	0	0	0.22061	0.28261	0	0.12676	0	0.11531	0	0.10139	0	0	0	0
A_?	0	0	0	0	0	0	0	0	0	0	0	0	0	0	0	0	0	0	0	0	0	0	0	0	0	0	0	0	0	0	0	0	0	0	0	0	0	0	0	0	0	0	0	0	0	0	0	0	0	0	0	0	0
A_Profesional	0	0	0	0	0.76829	0.32675	0	0	0	0	0	0	0	0	0.19648	0	0	0	0	0.18073	0.17306	0	0.18578	0	0	0	0	0	0	0	0	0	0	0	0	0	0	0	0	0	0	0	0	0	0.27229	0	0	0	0.10003	0	0	0	0
A_?	0	0	0	0	0	0	0	0	0	0	0	0	0	0.40388	0	0	0	0	0	0	0	0	0	0	0	0	0	0	0	0	0	0	0	0	0	0.1777	0	0	0	0	0	0.29215	0	0	0	0	0	0	0	0	0	0	0
A_?	0	0	0	0	0	0	0	0	0	0.12321	0	0	0.17338	0	0	0	0	0	0	0	0	0	0	0	0	0	0	0	0	0	0	0	0	0	0	0.17386	0	0	0	0	0	0	0	0	0	0	0	0	0	0	0	0	0
A_Profesional	0	0	0	0	0	0	0	0	0.23761	0	0	0.14469	0.12162	0	0	0	0	0	0.14169	0	0	0	0	0	0	0	0	0.15592	0	0	0	0	0	0	0	0.15258	0	0	0	0	0	0.1282	0	0	0	0	0	0	0	0	0	0	0
A_Profesional	0	0	0	0	0.10452	0.33403	0	0	0	0.16343	0	0	0	0	0.20584	0	0	0	0	0	0.28579	0.27811	0	0	0	0	0	0	0	0	0	0	0	0	0	0	0	0	0	0	0	0	0	0	0	0	0	0	0	0	0	0	0
A_Profesional	0	0	0	0	0	0.19138	0	0	0	0	0	0	0	0.12539	0.1241	0	0	0	0	0	0.14124	0	0	0.12984	0	0	0	0	0	0	0	0	0	0	0	0	0	0	0	0	0	0	0	0	0	0.23408	0	0	0	0	0	0	0
A_Preparatoria	0.11701	0	0	0	0	0	0	0	0	0	0.163	0	0	0	0	0.30491	0	0	0	0	0	0	0	0	0	0	0	0.66073	0	0	0.4634	0	0	0	0	0.41225	0.30105	0	0	0	0.10082	0	0	0	0	0	0.41385	0	0	0	0	0	0
A_Profesional	0	0	0	0	0.60881	0.58574	0.12091	0	0.19329	0	0	0	0.13637	0	0.21982	0	0	0	0	0.26614	0.3108	0	0.23297	0	0	0.11886	0	0	0	0	0	0	0	0	0	0	0	0	0	0	0	0	0	0	0.15599	0	0	0.12055	0	0	0	0	0
A_?	0	0	0	0	0	0	0	0	0	0	0	0	0	0	0	0	0	0	0	0	0	0	0	0	0	0	0	0	0	0	0	0	0	0	0	0	0	0	0	0	0	0	0	0	0	0	0	0	0	0	0	0	0
A_Profesional	0	0	0	0	0	0.37918	0	0	0	0.27052	0	0	0	0.21903	0.29193	0	0	0	0	0.23402	0.42968	0	0	0.19864	0	0	0	0	0	0	0	0	0	0	0	0	0	0	0	0	0	0.13768	0	0	0	0	0	0	0	0	0	0	0
A_Maestría	0	0	0	0	0	0	0	0	0	0	0	0.11423	0	0	0	0	0	0	0.32997	0	0	0	0	0	0	0	0	0.68614	0	0	0.27357	0	0	0	0	0.25418	0.11334	0	0	0	0.15387	0	0	0	0	0	0	0	0	0	0	0	0
A_Profesional	0	0	0	0	0	0.13847	0.10705	0	0	0	0	0	0.12856	0.52492	0	0	0	0	0	0.15338	0.12305	0	0	0.24808	0	0	0	0	0	0	0	0	0	0	0	0.18719	0	0	0	0	0	0.20611	0	0	0	0	0	0	0.10473	0	0	0	0
A_Profesional	0	0	0	0	0	0.19546	0	0	0	0	0	0	0.12023	0	0.11692	0	0	0	0	0.18596	0.20636	0	0.14663	0	0	0	0.49043	0	0	0	0	0	0	0	0	0	0	0	0	0.1251	0	0	0	0	0.18206	0	0	0	0	0	0.37567	0	0
A_Profesional	0	0	0	0	0	0	0	0	0	0	0.24966	0	0	0.32771	0	0.57973	0	0	0	0	0	0	0	0.1009	0	0	0	0.16751	0	0	0	0	0	0	0	0.17706	0.11424	0	0	0	0.13009	0.208	0.11189	0	0	0	0.58831	0	0	0.172	0	0	0
A_Profesional	0	0	0	0	0	0.26479	0	0	0	0	0	0	0.1233	0.27549	0	0	0	0	0	0.44553	0.18175	0	0.13458	0.11451	0	0	0	0	0	0	0	0	0	0	0	0	0	0	0	0.12583	0	0.256	0	0	0.23121	0	0	0	0.11759	0	0	0	0
A_Profesional	0	0	0	0	0	0.28219	0	0	0	0	0	0	0	0.19472	0.2614	0	0	0	0	0.17126	0.41969	0	0	0.12539	0	0	0	0	0	0	0	0	0	0	0	0	0	0	0	0	0	0.18311	0	0	0	0	0	0	0	0	0	0	0
A_Profesional	0	0	0	0	0	0.40086	0	0	0	0	0	0.10698	0	0.2711	0.28198	0	0	0	0	0.15838	0.52564	0	0	0	0	0	0	0	0	0	0	0	0	0	0	0.17427	0	0	0	0	0	0	0	0	0	0	0	0	0	0	0	0	0
A_Profesional	0	0	0	0	0	0	0	0	0	0	0.10687	0	0	0	0	0	0	0	0	0	0	0	0	0	0	0	0	0.12882	0	0	0.17179	0	0	0	0	0.10378	0	0	0	0	0.23318	0.25332	0	0	0	0	0	0	0	0	0	0	0
A_Profesional	0	0	0	0	0	0.21739	0	0	0	0.15543	0	0	0	0	0.2044	0.10349	0	0	0	0.27964	0.11994	0	0.13737	0	0	0	0	0	0	0	0	0	0	0	0	0	0	0	0	0.15316	0	0.10719	0	0	0.40545	0.13198	0	0	0	0	0	0	0
A_?	0	0	0	0	0	0.21739	0	0	0	0.15543	0	0	0	0	0.2044	0.10349	0	0	0	0.27964	0.11994	0	0.13737	0	0	0	0	0	0	0	0	0	0	0	0	0	0	0	0	0.15316	0	0.10719	0	0	0.40545	0.13198	0	0	0	0	0	0	0
A_?	0	0	0	0	0	0	0	0	0	0	0	0	0.36139	0	0	0	0	0	0	0	0	0	0	0	0	0	0	0	0	0	0	0	0	0	0	0.152	0	0	0	0	0	0	0	0	0	0	0	0	0	0	0	0	0
A_Profesional	0	0	0	0	0	0.21228	0	0	0	0	0	0	0	0	0	0	0	0	0	0.31347	0.14123	0	0	0	0	0	0	0	0	0	0	0	0	0	0	0	0	0	0.43738	0	0	0.1484	0	0	0.18136	0	0.12368	0	0.17435	0	0	0	0
A_Profesional	0	0	0	0	0	0.16076	0	0	0	0	0	0	0.78659	0.16118	0	0	0	0	0	0	0.15504	0	0	0.38069	0	0	0	0	0	0	0	0	0	0	0	0	0	0	0	0	0	0	0	0	0	0	0	0	0	0	0	0	0
A_?	0	0	0	0	0	0	0	0	0	0	0	0	0	0	0	0	0	0	0	0	0	0	0	0	0	0	0	0	0	0	0	0	0	0	0	0	0	0	0	0	0	0	0	0	0	0	0	0	0	0	0	0	0
A_Profesional	0	0	0	0	0	0	0.20716	0	0	0	0	0.22637	0	0.63969	0	0	0	0	0.26443	0	0.16238	0	0.17272	0	0	0	0.15368	0	0	0	0	0.11181	0	0	0	0.17002	0	0	0	0	0	0.373	0	0	0	0	0	0	0	0	0.11723	0	0
A_Profesional	0	0	0	0	0	0.17792	0.11446	0	0	0	0	0	0.14508	0.43796	0	0	0	0	0	0.11494	0.10131	0	0.20581	0	0	0	0.33459	0	0	0	0	0	0	0	0	0.37276	0	0	0	0.12821	0	0	0	0	0.1593	0	0	0	0	0	0.1907	0	0
A_Profesional	0	0	0	0	0	0.15625	0	0	0	0	0	0	0.2854	0.37156	0.16347	0	0	0	0	0.15251	0.33055	0	0	0.14719	0	0	0	0	0	0	0	0	0	0	0	0	0	0	0	0	0	0.18566	0	0	0	0	0	0	0.1084	0	0	0	0
A_Profesional	0	0	0	0	0	0	0	0	0.10125	0	0.12285	0	0	0.16529	0	0	0	0	0	0.11266	0	0	0	0	0	0	0.29762	0	0	0	0	0	0	0	0	0.2169	0	0	0	0	0	0.24072	0	0	0	0	0	0	0.16859	0	0.29975	0	0
A_Profesional	0	0	0	0	0.13118	0.39845	0	0	0	0	0	0	0	0.18128	0.158	0	0	0	0	0.7419	0.50742	0	0.17167	0.10891	0	0	0.20643	0	0	0	0	0	0	0	0	0	0	0	0	0	0	0	0	0	0.27052	0	0	0	0	0	0.16855	0	0
A_Profesional	0	0	0	0	0	0	0	0	0	0	0	0	0.39931	0.5962	0	0	0	0	0	0	0	0	0	0.15451	0	0	0	0	0	0	0	0	0	0	0	0.24586	0	0	0	0	0	0.20557	0	0	0	0	0	0	0	0	0	0	0
A_Profesional	0	0	0	0	0	0.16143	0.20375	0	0.11478	0	0.10195	0	0	0	0	0	0	0	0	0	0	0	0	0	0	0	0	0.15187	0	0	0.11378	0	0	0	0	0.16975	0	0	0	0	0	0	0	0	0	0	0	0	0	0	0	0	0
A_Profesional	0	0	0	0	0.25068	0.41716	0	0	0	0	0	0	0.18352	0	0.17762	0	0	0	0	0.24644	0.29765	0	0.14306	0	0	0	0	0	0	0	0	0	0	0	0	0	0	0	0	0	0	0	0	0	0	0	0	0	0	0	0	0	0
A_Profesional	0	0	0	0	0.64522	0.4043	0	0	0	0	0	0	0	0	0.52284	0	0	0	0	0.3468	0.70663	0.46327	0.12888	0	0	0	0	0	0	0	0	0	0	0	0	0	0	0	0	0	0	0.14579	0	0	0	0	0	0	0.11819	0	0	0	0
A_Profesional	0	0	0	0	0	0.1729	0	0	0	0	0	0	0.11456	0.14923	0	0	0	0	0	0.12479	0.11685	0	0	0	0	0	0	0	0	0	0	0	0	0	0	0.16655	0	0	0	0	0	0.23892	0	0	0	0	0	0	0.20456	0.10485	0	0	0
A_Profesional	0	0	0	0	0.23028	0.40379	0	0	0	0	0	0	0	0	0.28558	0	0	0	0	0.20886	0.5869	0.23865	0.18771	0	0	0	0	0	0	0	0	0	0	0	0	0	0	0	0	0	0	0	0	0	0	0	0	0	0.16534	0	0	0	0
A_Profesional	0	0	0	0	0	0.10424	0.81098	0	0.45026	0	0	0	0	0	0	0	0	0	0	0	0	0	0.46495	0.14855	0	0.2237	0	0	0	0	0	0.41628	0	0	0	0	0	0	0	0	0	0	0	0	0.10078	0	0	0.11927	0	0	0	0	0
A_Profesional	0	0	0	0	0.25243	0.46074	0	0	0	0	0	0	0.15678	0	0.21721	0	0	0	0	0.37614	0.30979	0.19117	0.18802	0	0	0	0	0	0	0	0	0	0	0	0	0	0	0	0	0.12889	0	0	0	0	0.14979	0	0	0	0.20112	0	0	0	0
A_Profesional	0	0	0	0	0.26138	0.38512	0	0	0	0	0	0	0.28054	0.14221	0.22225	0	0	0	0	0.33857	0.43262	0.12935	0.18731	0.19525	0	0	0	0	0	0	0	0	0	0	0	0	0	0	0	0	0	0.10335	0	0	0	0	0	0	0.30717	0	0	0	0
A_Profesional	0	0	0	0	0	0	0	0	0	0	0.10665	0	0	0.49782	0	0.11178	0	0	0	0	0	0	0	0	0	0	0	0	0	0	0	0	0	0	0	0.21953	0	0	0	0	0	0.24651	0	0	0	0	0.13578	0	0	0	0	0	0
A_Preparatoria	0	0	0	0	0.43006	0.38355	0	0	0	0	0	0	0	0	0.15313	0	0	0	0	0.38067	0.23558	0.11483	0.21892	0	0	0	0	0	0	0	0	0	0	0	0	0	0	0	0	0.1113	0	0	0	0	0.69001	0	0	0	0.27784	0	0	0	0
A_Profesional	0	0	0	0	0	0	0	0	0	0	0	0.22759	0	0.42957	0	0	0	0	0.54617	0	0	0	0	0	0	0	0	0.6472	0	0	0.1775	0	0	0	0	0.3975	0	0	0	0	0	0.11007	0	0	0	0	0.11967	0	0	0	0	0	0
A_Profesional	0	0	0	0	0.23838	0.34601	0	0	0	0	0	0	0.15055	0.22767	0.25218	0	0	0	0	0.40678	0.483	0.17563	0.23481	0	0	0	0	0	0	0	0	0	0	0	0	0	0	0	0	0	0	0.19398	0	0	0.15087	0	0	0	0	0	0	0	0
A_Profesional	0	0	0	0	0	0	0	0	0	0	0	0	0.25186	0.24179	0	0	0	0	0	0.16115	0	0	0.15265	0.10318	0	0	0	0	0	0	0	0	0.15143	0	0	0	0	0	0	0.26271	0	0.40956	0.16262	0	0.26149	0	0	0	0	0	0	0.13147	0
A_Profesional	0	0	0	0	0.2208	0.61166	0.36224	0	0	0	0	0	0.24586	0	0	0	0	0	0	0.10781	0.19746	0.11671	0.48652	0	0	0	0	0	0	0	0	0.12372	0	0	0	0	0	0	0	0	0	0	0	0	0	0	0	0	0.11538	0	0	0	0
A_Profesional	0.15295	0	0	0	0	0	0	0.11238	0	0	0	0	0.12413	0.19286	0	0.19405	0	0	0	0	0	0	0	0	0	0	0	0.13578	0	0	0.11107	0	0.24726	0	0	0	0.18229	0	0	0	0	0.24755	0.23041	0	0	0	0.28761	0	0	0.55891	0	0	0
A_Preparatoria	0.24276	0	0	0	0	0	0	0	0	0	0	0	0	0.13377	0	0.18712	0	0	0	0	0	0	0	0	0	0	0	0.16349	0	0	0	0	0.6698	0	0	0.18079	0.12611	0	0	0	0	0.23271	0.36229	0	0	0	0.33554	0	0	0.55661	0	0	0
A_Profesional	0	0	0	0	0	0.12924	0	0	0.10387	0.26395	0	0	0.20808	0.302	0	0	0	0	0	0.27605	0.1497	0	0	0.251	0	0	0	0	0	0	0	0	0	0	0	0	0	0	0	0	0	0.12753	0	0	0	0	0	0	0	0	0	0	0
A_Profesional	0	0	0	0	0	0	0	0	0	0	0	0	0.13841	0.47912	0	0	0	0	0	0	0	0	0	0	0	0	0	0	0	0	0	0	0	0	0	0.8795	0	0	0	0	0	0	0	0	0	0	0	0	0	0	0	0	0
A_Profesional	0	0	0	0	0.87179	0.62444	0	0	0	0	0	0	0	0	0.41135	0	0	0	0	0.28701	0.43973	0.37075	0	0	0	0	0	0	0	0	0	0	0	0	0	0	0	0	0	0	0	0	0	0	0	0	0	0	0.22303	0	0	0	0
A_Profesional	0	0	0	0	0.52112	0.5091	0	0	0	0	0	0	0	0	0.48984	0	0	0	0	0.2526	0.68025	0.48718	0.12578	0	0	0	0	0	0	0	0	0	0	0	0	0	0	0	0	0	0	0	0	0	0	0	0	0	0.27173	0	0	0	0
A_Profesional	0	0	0	0	0.37006	0.25388	0	0	0	0	0	0	0	0	0.17264	0	0	0	0	0.14637	0.33271	0.13767	0.18599	0	0	0	0	0	0	0	0	0	0	0	0	0	0	0	0	0	0	0	0	0	0.13919	0	0	0	0.13753	0	0	0	0
A_Profesional	0	0	0	0	0	0	0.61005	0	0	0	0	0	0	0.22102	0	0	0	0	0	0.17692	0	0	0.49039	0.31472	0	0	0	0	0	0	0	0.3746	0	0	0	0	0	0	0	0.26753	0	0.19814	0	0	0.44322	0	0	0.25403	0	0	0	0	0
A_Profesional	0	0	0	0	0	0.10795	0	0	0	0	0.30704	0	0	0.31186	0.10972	0.16882	0	0	0	0.2034	0.16242	0	0	0.11659	0	0	0	0	0	0	0	0	0	0	0	0	0	0	0	0	0	0.24557	0	0	0.1175	0	0	0	0	0	0	0	0
A_Profesional	0	0	0	0	0	0	0	0	0	0	0	0	0.17106	0.1528	0	0	0	0	0	0.26441	0	0	0.1387	0	0	0	0.17251	0	0	0	0	0	0	0	0	0	0	0	0	0	0	0.29315	0	0	0.2977	0	0	0	0.58275	0	0.10675	0	0
A_Profesional	0	0	0	0	0	0.14384	0.42	0	0	0	0	0	0	0.14487	0	0	0	0	0	0	0.14155	0	0.20293	0	0	0	0	0	0	0	0	0.22593	0	0	0	0	0	0	0	0	0	0.2012	0	0	0	0	0	0	0	0	0	0	0
A_Profesional	0	0	0	0	0.45729	0.53904	0.24061	0	0	0	0	0	0	0.18194	0.33137	0	0	0	0	0.59388	0.49027	0.26929	0.51509	0	0	0	0	0	0	0	0	0	0	0	0	0	0	0	0	0.23339	0	0.1496	0	0	0.26556	0	0	0.12372	0	0	0	0.18746	0
A_Profesional	0	0	0	0	0.32307	0.42074	0	0	0	0	0	0	0	0.13681	0.26526	0	0	0	0.14428	0.32289	0.62425	0.13435	0.1713	0	0	0	0.10062	0	0	0	0	0	0	0	0	0	0	0	0	0	0	0	0	0	0	0	0	0	0	0	0	0	0
A_Profesional	0	0	0	0	0	0.3056	0	0	0	0	0	0	0	0.16615	0.21797	0	0	0	0	0.35077	0.39507	0.1409	0	0.13624	0	0	0	0	0	0	0	0	0	0	0	0	0	0	0	0	0	0.33986	0	0	0	0	0	0	0.31189	0.13022	0	0	0
A_Profesional	0	0	0	0	0	0.10982	0	0	0.15844	0	0	0.18048	0.12959	0.16602	0	0	0	0	0.1181	0	0.13123	0	0	0.10267	0	0	0	0	0	0	0	0	0	0	0	0.26995	0	0	0	0	0	0.1432	0	0	0	0	0	0	0	0	0	0	0
A_Profesional	0	0	0	0	0	0	0	0	0	0	0	0.10577	0.15112	0.13741	0	0	0	0	0.11913	0	0	0	0	0	0	0	0	0.31117	0	0	0.32404	0	0	0	0	0.22502	0	0	0	0	0	0.31779	0	0	0	0	0	0	0.17781	0.32397	0	0	0
A_Profesional	0	0	0	0.13838	0	0.22829	0	0	0	0	0	0	0	0	0	0	0	0	0	0	0	0	0	0	0	0	0	0	0	0	0	0	0	0	0	0	0	0	0	0	0	0	0	0	0	0.18366	0	0	0	0	0	0	0
A_Profesional	0	0	0	0	0	0	0	0	0	0	0	0	0	0.17136	0.10627	0	0	0	0	0	0.17058	0	0	0	0	0	0.40115	0	0	0	0	0	0.13414	0	0	0.11448	0	0	0	0	0	0.13616	0	0	0	0	0	0	0	0	0.54297	0	0
A_Profesional	0	0	0	0	0	0.19558	0	0	0	0	0	0	0.4722	0.33448	0	0	0	0	0	0	0.19747	0	0	0.20716	0	0	0	0	0	0	0	0	0	0	0	0.41468	0	0	0	0	0	0	0	0	0	0	0	0	0.10233	0	0	0	0
A_Profesional	0	0	0	0	0.55342	0.23674	0	0	0	0	0	0	0	0.18674	0.39379	0	0	0	0	0.24968	0.33826	0.41155	0.27753	0	0	0	0	0	0	0	0	0	0	0	0	0	0	0	0	0.1297	0	0.10329	0.26641	0	0.11813	0	0.10905	0	0	0	0	0	0
A_Profesional	0	0	0	0	0.26082	0.6841	0	0	0	0	0	0	0	0.11755	0.38057	0	0	0	0.12017	0.15711	0.65218	0.11558	0	0	0	0	0	0	0	0	0	0	0	0	0	0	0	0	0	0	0	0	0	0	0	0	0	0	0	0	0	0	0
A_?	0	0	0	0	0	0.51675	0	0	0	0	0	0	0	0.16551	0	0	0	0	0	0.52647	0.27874	0	0	0	0	0	0	0	0	0	0	0	0	0	0	0	0	0	0	0	0	0	0	0	0	0	0	0	0	0	0	0	0
A_Profesional	0	0	0	0	0.11694	0.25055	0	0	0	0	0	0	0	0	0	0	0	0	0	0.54474	0.15524	0	0.37669	0	0	0	0.1237	0	0	0	0	0	0	0	0	0	0	0	0	0.22939	0	0	0	0	0.92532	0	0	0	0	0	0	0	0
A_Profesional	0	0	0	0	0	0	0	0	0	0	0.11158	0.21349	0	0.70525	0	0	0	0	0	0	0	0	0	0	0	0	0	0	0	0	0	0	0	0	0	0.22096	0	0	0.32948	0	0	0.23572	0	0	0	0	0	0	0	0	0	0	0
A_Profesional	0.16579	0	0	0	0	0	0	0	0	0	0.15415	0	0	0	0	0.18016	0	0	0	0	0	0	0	0	0	0	0	0	0	0	0	0	0.7157	0	0	0	0	0	0	0	0	0	0	0	0	0	0.2147	0	0	0	0	0	0
A_Preparatoria	0	0	0	0	0.18369	0.17002	0	0	0	0	0	0	0	0.2718	0.23694	0	0	0	0	0.34594	0.52903	0.32653	0.16356	0	0	0	0	0	0	0	0	0	0	0	0	0	0	0	0	0	0	0.198	0	0	0.15874	0	0	0	0.11757	0	0	0	0
A_Profesional	0	0	0	0	0	0.28526	0	0	0	0	0	0	0	0.24465	0.21764	0	0	0	0	0.16577	0.50219	0	0	0	0	0	0.23614	0	0	0	0	0	0	0	0	0	0	0	0	0	0	0.15853	0	0	0	0	0	0	0	0	0.22239	0	0
A_Profesional	0	0	0	0.11344	0	0.24726	0	0	0.22046	0	0	0	0	0	0	0	0	0	0	0.4132	0.39179	0	0	0.12318	0	0	0	0	0	0	0	0	0	0	0	0	0	0	0	0	0	0	0	0	0	0	0	0	0.14969	0	0	0	0
A_Profesional	0	0	0	0	0	0.14333	0	0	0	0	0	0.34217	0.14922	0.39393	0	0	0	0	0.2277	0	0	0	0	0	0	0	0	0.1499	0	0	0	0	0	0	0	0.50039	0	0	0	0	0	0.14582	0	0	0	0	0	0	0	0	0	0	0
A_Profesional	0	0	0	0	0	0.14473	0	0	0.12712	0	0	0	0.30907	0	0	0	0	0	0	0.80243	0	0	0	0.10002	0	0.18133	0	0	0	0	0	0	0	0	0	0	0	0	0	0	0	0.12637	0	0	0.17187	0	0	0	0.45353	0	0	0	0
A_Preparatoria	0	0	0	0	0	0	0	0	0	0	0	0	0.15529	0.31248	0	0	0	0	0	0.1857	0.17492	0	0	0	0	0	0	0	0	0	0	0	0	0	0	0.22649	0	0	0	0	0	0.32327	0	0	0	0	0	0	0.52818	0	0	0	0
A_Profesional	0	0	0	0	0	0.10212	0.64395	0	0.21798	0	0	0	0.10357	0	0	0	0	0	0	0.34201	0.10605	0	0.63886	0.35201	0	0.35333	0	0	0	0	0	0.43821	0	0.15176	0	0	0	0	0	0.26545	0	0.17246	0	0	0.37733	0	0	0.45692	0	0	0	0	0
A_Profesional	0	0	0	0	0.98626	0.46493	0	0	0	0	0	0	0	0	0.57413	0	0	0	0	0.29542	0.45417	0.44584	0.35571	0	0	0	0.22285	0	0	0	0	0	0	0	0.19046	0	0	0	0	0.22385	0	0	0	0	0.20369	0	0	0	0.15712	0	0.11128	0	0
A_Preparatoria	0	0	0	0	0	0.11855	0	0	0	0	0	0	0.23827	0.32321	0	0	0	0	0	0.39714	0.15964	0	0	0.13884	0	0	0	0	0	0	0	0	0	0	0	0.1751	0	0	0	0	0	0.18182	0	0	0	0	0	0	0.19787	0	0	0	0
A_Profesional	0	0	0	0	0	0	0	0	0	0	0	0	0.41352	0.27748	0	0.23418	0	0	0	0	0	0	0	0.16718	0	0	0	0	0	0	0	0	0.11229	0	0	0	0	0	0	0	0	0.2038	0.65044	0	0	0	0.26469	0	0	0.22691	0	0	0.10032
A_Profesional	0	0	0	0	0	0.43368	0	0	0	0	0	0.11794	0	0	0.12415	0	0	0	0.11484	0	0.10422	0	0	0	0	0	0	0	0	0	0	0	0.16268	0	0	0	0	0	0	0	0	0.13677	0.16557	0	0	0	0.13383	0	0	0	0	0.14482	0
A_Preparatoria	0	0	0	0	0	0	0.77727	0	0.41026	0	0	0	0.1003	0	0	0	0	0	0	0	0	0	0.27445	0.1817	0	0.18598	0	0	0	0	0	0.314	0	0	0	0	0	0	0	0	0	0	0	0	0	0	0	0	0	0	0	0	0
A_Profesional	0	0	0	0	0.14041	0.4238	0.16808	0	0	0	0	0	0	0.14043	0.22575	0	0	0	0	0.30371	0.47115	0.13891	0.23897	0	0	0	0	0	0	0	0	0	0.12647	0	0	0	0	0	0	0	0	0.10141	0.14175	0	0	0	0	0	0	0	0	0	0
A_Profesional	0	0	0	0.11265	0.11784	0.32499	0	0	0	0	0	0	0.11929	0	0.10402	0	0	0	0	0	0	0	0	0	0	0	0	0	0	0	0	0	0	0	0	0	0	0	0	0	0	0	0	0	0	0.14778	0	0	0	0	0	0	0
A_Preparatoria	0	0	0	0	0	0.36609	0	0	0	0	0.1337	0.10392	0	0.11567	0.17127	0	0	0	0.23675	0.10991	0.25083	0	0	0	0	0	0	0.11414	0	0	0	0	0	0	0	0.22319	0	0	0	0	0	0	0	0	0	0	0	0	0	0	0	0	0
A_?	0	0	0	0	0	0	0	0	0	0	0.15084	0.22339	0	0.5816	0	0	0	0	0.19937	0	0.1182	0	0	0	0	0	0.1064	0	0	0	0	0	0	0	0	0.20322	0	0	0	0	0	0.34298	0	0	0	0	0	0	0	0	0.10085	0	0
A_Profesional	0	0	0	0	0	0.19403	0	0	0.21002	0	0	0	0	0.26353	0.1445	0	0	0	0	0.16874	0.29116	0	0	0	0	0	0.2178	0	0	0	0	0	0	0	0	0	0	0	0	0	0	0.25611	0	0	0	0	0	0.10266	0	0	0.20546	0	0
A_?	0	0	0	0	0	0	0	0	0	0	0	0	0	0	0	0	0	0	0	0	0	0	0	0	0	0	0	0	0	0	0	0	0	0	0	0	0	0	0	0	0	0	0	0	0	0	0	0	0	0	0	0	0
A_Profesional	0	0	0	0	0	0.20138	0	0	0	0	0	0.12617	0	0.19339	0.13315	0	0	0	0.33903	0	0.17361	0	0	0	0	0	0	0.15417	0	0	0	0	0	0	0	0.13565	0	0	0	0	0	0.15913	0	0	0	0	0.14864	0	0	0	0	0	0.11414
A_Preparatoria	0	0	0	0	0	0	0	0	0.25578	0	0	0	0.32267	0.50775	0	0	0	0	0	0	0	0	0	0.22981	0	0	0	0	0	0	0	0	0	0	0	0	0	0	0	0	0	0.28765	0	0	0	0	0	0	0	0	0	0	0
A_Profesional	0	0	0	0	0.56599	0.46233	0.13649	0	0	0	0	0	0.44855	0	0.1387	0	0	0	0	0.30567	0.1404	0.10479	0.60905	0	0	0	0	0	0	0	0	0	0	0	0	0	0	0	0	0.52578	0	0	0	0	0.14692	0	0	0	0.14466	0	0	0.22098	0
A_Preparatoria	0	0	0	0	0.11698	0.38542	0	0	0	0	0	0	0	0.14084	0.29826	0	0	0	0	0.13826	0.36933	0	0	0	0	0	0.1679	0	0	0	0	0	0	0	0	0	0	0	0	0	0	0.11396	0	0	0	0	0	0	0	0	0.2277	0	0
A_Profesional	0	0	0	0	0	0.16442	0	0	0	0	0	0	0.23821	0.42305	0	0	0	0	0	0.25118	0.14894	0	0	0.33641	0	0	0	0	0	0	0	0	0	0	0	0	0	0	0	0	0	0.42081	0	0	0.10392	0	0	0	0.17238	0	0	0	0
A_Preparatoria	0	0	0	0	0	0	0.12435	0	0.14862	0	0	0	0.11101	0.21422	0	0	0	0	0.36143	0	0	0	0	0.10876	0	0	0	0.29083	0	0	0	0	0	0	0	0.2742	0	0	0	0	0.1536	0	0	0	0	0	0	0	0	0	0	0	0
A_Preparatoria	0	0	0	0	0	0	0.4012	0	0	0	0	0	0	0	0	0	0	0	0	0	0	0.11197	0.43337	0	0	0	0	0	0	0	0	0.90437	0	0	0.6696	0	0	0	0	0	0	0	0	0	0	0	0	0	0.10689	0	0	0	0
A_Preparatoria	0	0	0	0	0	0	0	0	0	0	0	0	0.10773	0.14957	0	0	0	0	0	0.45835	0	0	0.10651	0	0	0	0	0	0	0	0	0	0	0	0	0	0	0	0	0	0	0.34448	0	0	0.57394	0	0	0	0.57632	0	0	0	0
A_?	0	0	0	0	0	0	0	0	0	0	0	0	0	0	0	0	0	0	0	0	0	0	0	0	0	0	0	0	0	0	0	0	0	0	0	0	0	0	0	0	0	0	0	0	0	0	0	0	0	0	0	0	0
A_Preparatoria	0	0	0	0	0	0	0.74336	0	0.35569	0	0	0	0	0.20498	0	0	0	0	0	0	0	0	0.21509	0.1262	0	0	0	0	0	0	0	0.30316	0	0	0	0	0	0	0	0	0	0.10905	0	0	0	0	0	0	0	0	0	0	0
A_Preparatoria	0	0	0	0	0.11419	0.41197	0.37119	0	0	0	0	0.1239	0	0.18664	0.14433	0	0	0	0.15551	0.253	0.539	0.10074	0.3206	0.14913	0	0	0	0	0	0	0	0.20389	0	0	0	0	0	0	0	0	0	0.13132	0	0	0	0	0	0	0	0	0	0	0
A_Preparatoria	0	0	0	0	0.10184	0.31566	0	0	0.12715	0	0	0	0.25294	0.16355	0	0	0	0	0	0.64094	0.16854	0	0.23552	0.10814	0	0.13042	0	0	0	0	0	0	0	0	0	0	0	0	0	0.21294	0	0.26893	0	0	0.36552	0	0	0.17985	0.1701	0	0	0	0
A_Profesional	0	0	0	0	0	0.2595	0	0	0	0	0	0	0.11785	0.20598	0.17695	0	0	0	0	0.42809	0.7245	0.15239	0	0	0	0	0	0	0	0	0	0	0	0	0	0.14302	0	0	0	0	0	0	0	0	0	0	0	0	0.18423	0	0	0	0
A_Profesional	0	0	0	0	0	0.33281	0	0	0	0	0	0	0.20593	0	0	0	0	0	0	0.46896	0.13575	0	0	0	0	0	0	0	0	0	0	0	0	0	0	0	0	0	0	0	0	0.19683	0	0	0	0	0	0	0.62849	0.21642	0	0	0
A_Preparatoria	0	0	0	0	0	0	0	0	0	0	0.39998	0	0	0.53544	0	0.28759	0	0	0	0	0	0	0	0.10173	0	0	0	0	0	0	0	0	0	0	0	0	0	0	0	0	0	0.31439	0.23595	0	0	0	0.21247	0	0	0.11392	0	0	0
A_Preparatoria	0	0	0	0	0	0	0.13761	0	0	0	0	0	0.21476	0.16753	0	0	0	0	0	0.17506	0	0	0	0.11679	0	0	0	0	0	0	0	0	0	0	0	0	0	0	0	0	0	0	0.14762	0	0	0	0.13717	0	0	0	0	0	0
A_?	0	0	0	0	0	0	0	0	0	0	0	0	0	0	0	0	0	0	0	0	0	0	0	0	0	0	0	0	0	0	0	0	0	0	0	0	0	0	0	0	0	0	0	0	0	0	0	0	0	0	0	0	0
A_Preparatoria	0.21383	0	0	0	0	0	0	0	0	0	0.16251	0.11507	0	0.249	0	0.28618	0	0	0.44068	0	0	0	0	0	0	0	0	0.72599	0	0	0.1889	0	0.12893	0	0	0.24866	0.21073	0.10225	0	0	0.18849	0.18096	0	0	0	0	0.41774	0	0	0	0	0	0.24514
A_?	0	0	0	0	0	0.16279	0	0	0	0	0	0	0.35419	0.16035	0	0	0	0	0	0.18214	0.15349	0	0	0	0	0	0	0	0	0	0	0	0	0	0	0.17154	0	0	0	0	0	0.12903	0	0	0	0	0	0	0.43641	0.31023	0	0	0
A_Preparatoria	0.11629	0	0	0	0	0	0	0	0	0	0.10124	0	0	0.26638	0	0.13141	0	0	0	0	0	0	0	0	0	0	0	0.11107	0	0	0	0	0	0	0	0.23767	0	0	0.13871	0	0	0.20772	0.13945	0	0	0	0.25142	0	0	0.19939	0	0	0
A_Preparatoria	0	0	0	0	0	0	0	0	0	0	0	0	0	0.31281	0	0	0	0	0	0.11283	0.27688	0	0	0	0	0	0.60672	0	0	0	0	0	0	0	0	0.28503	0	0	0	0	0	0.10403	0	0	0	0	0	0	0	0	0.63092	0	0
A_Preparatoria	0	0	0	0	0	0	0.2487	0	0	0	0	0	0	0.1611	0	0	0	0	0	0.10904	0	0	0.21724	0	0	0	0	0	0	0	0	0.39172	0	0	0.10343	0	0	0	0	0	0	0.42362	0.10277	0	0	0	0	0	0.33337	0	0	0	0
A_Preparatoria	0	0	0	0	0.15863	0.1335	0.10002	0	0	0	0	0	0	0.17712	0.11133	0	0	0	0.10697	0.20499	0.21927	0.13324	0.22029	0	0	0	0	0	0	0	0	0	0	0	0.10462	0.15925	0	0	0	0	0	0.18628	0	0	0	0	0	0	0.15981	0	0	0	0
A_Preparatoria	0	0	0	0	0	0	0	0	0	0	0	0	0.5133	0.15657	0	0	0	0	0	0.2737	0	0	0.18426	0.15034	0	0	0	0	0	0	0	0	0	0	0	0	0	0	0	0	0	0.11506	0	0	0.24086	0	0	0.10419	0.57662	0	0	0	0
A_Profesional	0	0	0	0	0	0.25937	0	0	0	0	0	0	0	0	0	0	0	0	0	0.98929	0.23102	0	0	0	0	0	0	0	0	0	0	0	0	0	0	0	0	0	0	0	0	0	0	0	0.27332	0	0	0	0.28817	0	0	0	0
A_?	0	0	0	0	0	0	0	0	0	0	0	0	0	0	0	0	0	0	0	0	0	0	0	0	0	0	0	0	0	0	0	0	0	0	0	0	0	0	0	0	0	0	0	0	0	0	0	0	0	0	0	0	0
A_Profesional	0	0	0	0	0	0	0	0	0	0	0.19189	0.47405	0	0.51153	0	0	0	0	0.65132	0	0	0	0	0	0	0	0	0.14773	0	0	0	0	0	0	0	0.2302	0	0	0	0	0	0.29598	0	0	0	0	0.15728	0	0	0	0	0	0
A_?	0	0	0	0	0	0	0	0	0	0	0	0	0	0	0	0	0	0	0	0	0	0	0	0	0	0	0	0	0	0	0	0	0	0	0	0	0	0	0	0	0	0	0	0	0	0	0	0	0	0	0	0	0
Colaborador	0	0	0	0	0	0	0	0	0	0	0	0	0.25507	0.30206	0	0	0	0	0	0.10819	0	0	0	0	0	0	0	0	0	0	0	0	0	0	0	0	0	0	0	0	0	0	0	0	0	0	0	0	0	0	0	0.57285	0
Colaborador	0.27315	0	0	0	0	0	0	0	0	0	0.30332	0	0	0.13456	0	0.52242	0	0	0	0	0	0	0	0	0	0	0	0	0	0	0	0	0.25544	0	0	0	0.10636	0	0	0	0.18783	0.10501	0.1668	0	0	0	0.5586	0	0	0	0	0	0
Colaborador	0.11866	0	0	0	0	0	0	0	0	0	0.3013	0	0	0.22666	0	0.21757	0	0	0	0	0	0	0	0	0	0	0.13175	0	0	0	0	0	0.14117	0	0	0.27238	0	0	0	0	0	0.15453	0	0	0	0	0.29698	0	0	0	0.13322	0	0
Colaborador	0	0	0	0	0	0	0	0	0	0	0	0	0	0.3948	0	0.12425	0	0	0.22806	0.12987	0	0	0.17868	0	0	0	0	0	0	0	0	0	0.18262	0	0	0	0	0	0.45102	0.13658	0	0.27332	0.17261	0	0.3769	0	0.11076	0	0	0	0	0.18056	0.16704
Colaborador	0	0	0	0	0	0	0	0	0	0	0.36776	0.12014	0	0.18415	0	0.35212	0	0	0	0	0	0	0	0	0	0	0	0.1432	0	0	0.10158	0	0	0	0	0.15446	0	0	0	0	0	0	0.20539	0	0	0	0.42249	0	0	0	0	0	0
Colaborador	0	0	0	0	0	0	0	0	0	0	0	0	0.16627	0.33888	0	0	0	0	0	0	0	0	0	0	0	0	0	0.19236	0	0	0	0	0	0	0	0.4259	0	0	0	0	0	0	0	0	0	0	0	0	0	0	0	0	0
Colaborador	0	0	0	0	0.1178	0.17213	0.11147	0	0.11108	0	0	0	0	0	0	0	0	0	0	0.34191	0.18591	0.1218	0.33027	0	0	0.17299	0.22703	0	0	0	0	0	0	0.1306	0	0	0	0	0	0.23783	0	0.18895	0	0	0.21375	0	0	0.18998	0.23775	0	0.10729	0	0
Colaborador	0	0	0	0	0	0.13801	0	0	0	0	0	0.38914	0	0.44878	0	0	0	0	0.19211	0	0	0	0	0	0	0	0	0	0	0	0	0	0	0	0	0.52198	0	0	0	0	0	0.254	0	0	0	0	0	0	0	0	0	0	0
Colaborador	0	0	0	0	0	0.39254	0	0	0	0	0	0.10758	0	0.29836	0.10257	0	0	0	0.21126	0.22723	0.20477	0	0	0	0	0	0	0	0	0	0	0	0	0	0	0.11438	0	0	0	0	0	0.42257	0	0	0	0	0.11125	0	0	0	0	0	0
Colaborador	0	0	0	0	0	0	0	0	0	0	0.14905	0	0	0	0	0.33104	0	0	0	0	0	0	0	0	0	0	0	0.12765	0	0	0	0	0.53702	0	0	0	0	0	0	0	0	0	0.74683	0	0	0	0.51242	0	0	0	0	0	0
Colaborador	0	0	0	0.11384	0	0.40327	0	0	0	0	0	0	0.13342	0	0.25348	0	0	0	0	0.237	0.32826	0	0	0	0	0	0	0	0	0	0	0	0	0	0	0	0	0	0	0	0	0.12479	0	0	0	0.24184	0	0	0.27048	0	0	0	0
Colaborador	0	0	0	0	0	0	0.12735	0	0	0	0.10204	0.24315	0	0.41126	0	0	0	0	0.60755	0	0	0	0	0	0	0	0	0.27171	0	0	0.12504	0.10307	0	0	0	0.16887	0	0	0	0	0.14582	0.27395	0	0	0	0	0.11671	0	0	0	0	0	0.14451
Colaborador	0	0	0	0	0	0	0.17241	0	0	0	0	0	0.41467	0.32317	0	0	0	0	0	0.17229	0.13373	0	0	0.38456	0	0	0	0	0	0	0	0.15917	0	0	0	0	0	0	0	0	0	0.27103	0	0	0	0	0	0	0.22206	0	0	0	0
Colaborador	0	0	0	0	0	0	0	0	0	0	0	0	0	0	0	0	0	0	0	0	0	0	0	0	0	0	0	0	0	0	0	0	0	0	0	0	0	0	0	0	0	0	0	0	0	0	0	0	0	0	0	0	0
Colaborador	0	0	0	0	0	0	0	0	0	0	0.93589	0	0	0.35309	0	0.73209	0	0	0	0	0	0	0	0	0	0	0	0	0	0	0	0	0.10114	0	0	0	0	0	0	0	0	0	0.18166	0	0	0	0.31015	0	0	0	0	0	0
Colaborador	0.10912	0	0	0	0	0	0	0	0	0	0.17566	0.1103	0	0.36911	0	0.17052	0	0	0.12948	0	0	0	0	0	0	0	0	0.10447	0	0	0	0	0.10361	0	0	0.12317	0	0	0	0	0	0.14123	0	0	0	0	0.17042	0	0	0	0	0	0
Colaborador	0	0	0	0	0	0	0	0	0	0	0.14912	0.13659	0	0.7335	0	0	0	0	0	0	0	0	0	0	0	0	0	0	0	0	0	0	0	0	0	0.42045	0	0	0	0	0	0.49834	0	0	0	0	0	0	0	0	0	0	0
Colaborador	0	0	0	0	0	0.29452	0	0	0	0	0	0	0	0.22762	0.1257	0	0	0	0	0.41144	0.29006	0	0	0	0	0	0	0	0	0	0	0	0	0	0	0	0	0	0	0	0	0.16023	0	0	0.18335	0	0	0	0	0	0	0	0
Colaborador	0	0	0	0	0	0.20192	0	0	0	0	0	0	0.55292	0.27019	0	0	0	0	0	0.52001	0	0	0	0.13845	0	0	0	0	0	0	0	0	0	0	0	0.17149	0	0	0	0	0	0.12506	0	0	0.11047	0	0	0	0.21388	0	0	0	0
Colaborador	0	0	0	0	0.13007	0.20102	0	0	0	0	0	0	0	0.27073	0.18507	0	0	0	0	0.16834	0.23328	0	0.11696	0	0	0	0	0	0	0	0	0	0	0	0	0	0	0	0	0	0	0.25374	0.10715	0	0.10248	0	0.10089	0	0	0	0	0	0
Colaborador	0	0	0	0	0	0	0	0	0	0	0	0	0	0	0	0	0	0	0	0	0	0	0	0	0	0	0	0	0	0	0	0	0	0	0	0	0	0	0	0	0	0	0	0	0	0	0	0	0	0	0	0	0
Colaborador	0	0	0	0	0	0	0	0	0	0	0.2374	0	0	0	0	0.38942	0	0	0	0	0	0	0	0	0	0	0	0.15258	0	0	0.15184	0	0.31269	0	0	0.12528	0.18708	0	0	0	0	0	0.53312	0	0	0	0.44987	0	0	0.15824	0	0	0
Colaborador	0	0	0	0	0	0	0	0	0.39572	0	0	0	0.1725	0.15725	0	0	0	0	0	0.48846	0.16612	0	0.10775	0.13854	0	0.29818	0.14956	0	0	0	0	0	0	0	0	0	0	0	0	0	0	0.14639	0	0	0.27125	0	0	0.16877	0.12978	0	0	0	0
Colaborador	0.23518	0	0	0	0	0	0	0	0	0	0	0	0	0	0	0.17932	0	0	0	0	0	0	0	0	0	0	0	0	0	0	0	0	0.76046	0	0	0	0	0	0	0	0	0	0.11117	0	0	0	0.35167	0	0	0	0	0	0
Colaborador	0	0	0	0	0	0.31427	0	0	0	0	0	0	0	0.22266	0.22248	0	0	0	0	0.2369	0.44122	0.11295	0	0	0	0	0	0	0	0	0	0	0	0	0	0	0	0	0	0	0	0.18267	0	0	0	0	0	0	0	0	0	0	0
Colaborador	0	0	0	0	0.26574	0.42519	0	0	0	0	0	0	0.12456	0	0.1902	0	0	0	0	0.12045	0.25764	0	0	0	0	0	0	0	0	0	0	0	0	0	0	0	0	0	0	0	0	0	0	0	0	0	0	0	0.13444	0	0	0	0
Colaborador	0	0	0	0	0	0	0.21358	0	0	0	0	0	0.39984	0.22522	0	0	0	0	0	0.30138	0.12029	0	0.28553	0.23037	0	0	0	0	0	0	0	0.1141	0	0	0	0	0	0	0	0	0	0.15208	0	0	0.16792	0	0	0.10461	0.17163	0	0	0	0
Colaborador	0	0	0	0	0.12559	0.26971	0	0	0	0	0	0	0	0.49364	0	0	0	0	0	0.40381	0.18361	0	0.21984	0	0	0	0	0	0	0	0	0	0	0	0	0	0	0	0.12972	0	0	0.35169	0	0	0.16601	0	0	0	0.11041	0	0	0	0
Colaborador	0	0	0	0	0	0	0	0	0	0	0.17404	0	0	0.34268	0	0.12559	0	0	0	0	0	0	0	0	0	0	0	0	0	0	0	0	0	0	0	0.23236	0	0	0	0	0	0.25874	0	0	0	0	0.19493	0	0	0.13099	0	0	0
Colaborador	0	0	0	0	0	0.24875	0.10032	0	0	0	0	0	0	0	0.10269	0	0	0	0	0.34607	0.20621	0	0.30601	0	0	0	0.5667	0	0	0	0	0	0	0	0	0	0	0	0	0.14092	0	0	0	0	0.36046	0	0	0	0	0	0.45387	0	0
Colaborador	0	0	0	0	0	0	0	0	0	0	0	0	0	0.4698	0	0	0	0	0.32451	0.10813	0.12031	0	0	0	0	0	0.24232	0	0	0	0	0	0	0	0	0	0	0	0	0	0	0.37585	0	0	0	0	0	0	0	0	0.19917	0	0
Colaborador	0	0	0	0	0	0	0	0	0	0	0	0	0	0	0	0	0	0	0	0	0	0	0	0	0	0	0	0	0	0	0	0	0	0	0	0	0	0	0	0	0	0	0	0	0	0	0	0	0	0	0	0	0
Colaborador	0.12877	0	0	0	0	0	0	0	0	0	0.13647	0.13125	0	0.34806	0	0.22224	0	0	0.25777	0	0	0	0	0	0	0	0	0.24905	0	0	0	0	0.13936	0	0	0.15036	0	0	0	0	0	0.34707	0	0	0	0	0.36096	0	0	0	0	0	0.1729
Colaborador	0	0	0	0	0	0.24127	0	0	0	0	0	0	0.15759	0	0	0	0	0	0	0.30534	0.2145	0	0	0	0	0	0	0.1242	0	0	0.11015	0	0	0	0	0.1433	0	0	0	0	0	0	0	0	0	0	0	0	0.29368	0.15283	0	0	0
Colaborador	0	0	0	0	0	0.1415	0	0	0	0	0	0	0	0.33405	0	0	0	0	0	0.15286	0.10388	0	0	0	0	0	0	0.18569	0	0	0.1002	0	0	0	0	0.2312	0	0	0	0	0	0.12132	0	0	0	0	0	0	0	0	0	0	0
Colaborador	0	0	0.17611	0	0	0	0	0	0	0	0	0	0	0.26695	0	0	0	0	0	0	0	0	0	0	0	0	0	0.1425	0	0	0	0	0	0	0	0.23982	0	0	0.19179	0	0	0.14205	0	0	0	0	0	0	0	0	0	0	0
Colaborador	0	0	0	0	0	0.11766	0	0	0	0	0	0.51187	0	0.35904	0	0	0	0	0.34205	0.1688	0.10045	0	0	0	0	0	0	0	0	0	0	0	0	0	0	0.10312	0	0	0	0	0	0.31477	0	0	0	0	0	0	0	0	0	0	0
Colaborador	0	0	0	0	0.28073	0.45212	0.19002	0	0	0	0	0	0.24487	0.10166	0.13575	0	0	0	0	0.37903	0.43706	0.19808	0.41037	0	0	0	0	0	0	0	0	0	0	0	0	0	0	0	0	0.11543	0	0	0	0	0.12751	0	0	0	0.21918	0	0	0	0
Colaborador	0	0	0	0	0	0	0	0	0	0	0	0	0	0.33205	0	0	0	0	0	0.12538	0	0	0.10076	0	0	0	0	0	0	0	0	0	0	0	0	0.14142	0	0	0	0	0	0.25915	0	0	0	0	0	0	0	0	0	0	0
Colaborador	0	0	0	0	0	0	0	0	0	0	0	0	0	0.30026	0	0	0	0	0	0.23078	0	0	0	0	0	0	0	0	0	0	0	0	0	0	0	0	0	0	0	0	0	0.30702	0	0	0.30323	0	0.11862	0	0.12342	0.16952	0	0	0
Colaborador	0	0	0	0	0	0	0	0	0	0	0.12525	0	0	0.20074	0	0	0	0	0.11331	0	0	0	0	0	0	0	0	0	0	0	0	0	0	0	0	0.10906	0	0	0	0	0	0.18393	0	0	0	0.1003	0.18373	0	0	0	0	0	0
Colaborador	0	0	0	0	0	0	0	0	0	0	0	0	0.14213	0	0	0	0	0	0	0	0	0	0	0	0	0	0	0	0	0	0	0	0	0	0	0	0	0	0	0	0	0	0	0	0	0	0	0	0	0	0	0	0
Colaborador	0	0	0	0	0.70656	0.48117	0.19471	0	0	0	0	0	0	0.15067	0.59559	0	0	0	0.2406	0.3184	0.51984	0.30127	0.51165	0	0	0	0.11502	0	0	0	0	0.15445	0	0	0	0	0	0	0	0.30389	0	0.16942	0	0	0.26772	0	0	0.11662	0	0	0	0	0
Colaborador	0.32533	0	0	0	0	0	0	0	0	0	0	0	0	0.15169	0	0.25273	0	0	0	0	0	0	0	0	0	0	0	0.2284	0	0	0	0	0.32407	0	0	0.18911	0	0	0	0	0.15882	0.151	0.56875	0	0	0	0.55799	0	0	0.33263	0.10879	0	0.20919
Colaborador	0	0	0	0	0	0.16025	0	0	0	0	0	0.13632	0.15496	0.34309	0	0	0	0	0	0.13698	0.20509	0	0	0.17713	0	0	0	0	0	0	0	0	0	0	0	0.19963	0	0	0	0	0	0.18327	0	0	0	0	0	0	0	0	0	0	0
Colaborador	0	0	0	0	0	0	0	0	0	0	0	0	0	0	0	0	0	0	0	0	0	0	0	0	0	0	0	0	0	0	0	0	0	0	0	0	0	0	0	0	0	0	0	0	0	0	0	0	0	0	0	0	0
Colaborador	0	0	0	0	0	0.2322	0.10375	0	0	0	0	0.17305	0.10878	0.25384	0	0	0	0	0	0.17588	0.15485	0	0	0	0	0	0	0.13327	0	0	0	0	0	0	0	0.25511	0	0	0	0	0	0.23671	0	0	0	0	0.14063	0	0.14147	0	0	0	0
Colaborador	0	0	0	0	0	0	0	0	0	0	0.36091	0	0.10554	0.49274	0	0.2544	0	0	0	0	0	0	0	0	0	0	0	0	0	0	0	0	0	0	0	0	0	0	0	0	0	0.27509	0	0	0	0	0.16689	0	0	0	0	0	0
Colaborador	0	0	0	0	0	0.14031	0.13707	0	0.60753	0	0	0	0.27543	0	0	0	0	0	0	0.21754	0	0	0.16752	0	0	0.30851	0	0	0	0	0	0	0	0	0	0	0	0	0	0	0	0	0	0	0.3818	0	0	0.10112	0.13073	0	0	0	0
Colaborador	0	0	0	0	0	0	0.21524	0	0	0	0	0.2098	0.12004	0.47057	0	0	0	0	0.1387	0	0	0	0	0.12849	0	0	0	0.14502	0	0	0	0	0	0	0	0.15049	0	0	0	0	0	0.32492	0	0	0	0	0	0	0	0	0	0	0
Colaborador	0.12093	0	0	0	0	0	0	0	0	0	0.11147	0.18558	0	0.15029	0	0.10352	0	0	0.59575	0	0	0	0	0	0	0	0	0.61719	0	0	0.14712	0	0	0	0	0.20231	0	0	0	0	0.20931	0	0	0	0	0	0.18978	0	0	0	0	0	0.18036
Colaborador	0	0	0	0	0	0.10761	0.50906	0	0	0	0	0	0	0.10434	0	0	0	0	0	0.23087	0.13153	0	0.21342	0.23938	0	0	0	0	0	0	0	0.1955	0	0	0	0	0	0	0	0	0	0.13755	0	0	0	0	0	0	0	0	0	0	0
Colaborador	0	0	0	0	0	0	0	0	0	0	0.19369	0.33549	0	0.43745	0	0.10914	0	0	0.19781	0	0	0	0	0	0	0	0	0.10764	0	0	0	0	0	0	0	0.23342	0	0	0	0	0	0.20298	0	0	0	0	0.20985	0	0	0	0	0	0
Colaborador	0	0	0	0	0.10799	0.27435	0	0	0	0	0	0	0.33952	0.20938	0.12102	0	0	0	0	0.34143	0.38685	0.1026	0.20368	0.117	0	0	0.1415	0	0	0	0	0	0	0	0	0.2265	0	0	0	0	0	0	0	0	0	0	0	0	0.27574	0	0.10563	0	0
Colaborador	0	0	0	0	0	0	0	0	0	0	0.1388	0	0	0.23849	0	0.2813	0	0	0.58191	0	0	0	0	0	0	0	0	0.42055	0	0	0.15557	0	0.21793	0	0	0.15424	0.12275	0.11965	0.13761	0	0.20174	0.2105	0.12088	0	0	0	0.35716	0	0	0	0	0	0.20626
Colaborador	0	0	0	0	0	0.19385	0	0	0	0	0.12571	0.27687	0.17924	0.46546	0.107	0	0	0	0	0.10091	0.29675	0	0	0	0	0	0	0	0	0	0	0	0	0	0	0.21335	0	0	0	0	0	0.22674	0	0	0	0	0	0	0	0	0	0	0
Colaborador	0	0	0	0	0.31266	0.33164	0.11775	0	0	0	0	0	0.11226	0.20064	0.16729	0	0	0	0	0.20603	0.27012	0	0.20791	0	0	0	0	0	0	0	0	0	0	0	0	0	0	0	0	0.10806	0	0.12028	0	0	0	0	0	0	0	0	0	0	0
Colaborador	0	0	0	0	0	0	0	0	0.10865	0	0	0	0.16373	0.10105	0	0	0	0	0	0.23718	0.2029	0	0	0	0	0	0	0	0	0	0	0	0	0	0	0	0	0	0	0	0	0	0.10386	0	0	0	0.16253	0	0.20564	0	0	0	0
Colaborador	0.13948	0	0	0	0	0	0.29204	0	0	0	0	0	0	0.21268	0	0	0	0	0	0	0	0	0.11484	0	0	0	0	0.19094	0	0	0	0.15479	0	0	0	0.23902	0	0	0	0	0	0.10711	0	0	0	0	0.1112	0	0	0	0	0	0
Colaborador	0	0	0	0	0	0	0	0	0	0	0	0	0	0.4089	0	0	0	0	0.12214	0	0	0	0	0	0	0	0	0.19915	0	0	0	0	0	0	0	0.21753	0	0	0	0	0	0.27042	0	0	0	0	0.14017	0	0	0	0	0	0
Colaborador	0	0	0	0	0	0	0	0	0	0	0	0	0	0	0	0	0	0	0	0	0	0	0	0	0	0	0	0	0	0	0	0	0	0	0	0	0	0	0	0	0	0	0	0	0	0	0	0	0	0	0	0	0
Colaborador	0	0	0	0	0	0.42821	0	0	0	0	0	0.10057	0.17682	0.25092	0.14103	0	0	0	0	0.28946	0.40945	0	0	0	0	0	0	0	0	0	0	0	0	0	0	0.14988	0	0	0	0	0	0	0	0	0	0	0	0	0	0	0	0	0
Colaborador	0	0	0	0	0.23136	0.49305	0	0	0	0	0	0	0.12311	0.11629	0.38737	0	0	0	0	0.12199	0.5383	0.19902	0	0	0	0	0	0	0	0	0	0	0	0	0	0.17044	0	0	0	0	0	0	0	0	0	0	0	0	0	0	0	0	0
Colaborador	0	0	0	0.12682	0	0	0	0.18029	0	0	0	0	0.22191	0.10949	0	0	0	0	0	0	0	0	0	0	0	0	0	0	0	0	0	0	0	0	0	0.37136	0	0	0	0	0	0.15666	0	0	0	0	0	0	0.3526	0.72935	0	0	0
Colaborador	0	0	0	0	0	0.29704	0	0	0	0	0	0	0	0	0.13342	0	0	0	0.23788	0.24876	0.13333	0	0	0	0	0	0	0	0	0	0	0	0	0	0	0	0	0	0	0	0.21645	0.11817	0	0	0	0	0	0	0	0	0	0	0
Colaborador	0	0	0	0	0.15797	0.64794	0	0	0	0	0	0	0	0	0.40647	0	0	0	0	0.16165	0.52487	0.10082	0	0	0	0	0	0	0	0	0	0	0	0	0	0	0	0	0	0	0	0	0	0	0	0.10083	0	0	0	0	0	0	0
Colaborador	0	0	0	0	0	0.13468	0	0	0	0	0	0	0	0.10627	0	0	0	0	0	0.97873	0.2021	0	0	0.16716	0	0.13893	0	0	0	0	0	0	0	0	0	0	0	0	0	0	0	0.10338	0	0	0.19429	0	0	0.1553	0.15731	0	0	0	0
Colaborador	0	0	0	0	0	0	0	0	0	0	0	0	0	0	0	0	0	0	0	0	0	0	0	0	0	0	0	0	0	0	0	0	0	0	0	0	0	0	0	0	0	0.25236	0	0	0	0	0.14615	0	0.30886	0.41772	0	0	0
Colaborador	0	0	0	0	0	0.24205	0.41558	0	0	0	0	0	0	0.36151	0.1058	0	0	0	0	0.14795	0.29185	0	0.31978	0.11222	0	0	0	0	0	0	0	0.19416	0	0	0	0	0	0	0	0	0	0.22285	0	0	0	0	0	0	0	0	0	0	0
Colaborador	0	0	0	0	0	0.11207	0	0	0	0	0	0.29276	0.21429	0.48624	0	0	0	0	0.10371	0.1292	0	0	0	0.14599	0	0	0	0	0	0	0	0	0	0	0	0	0	0	0.1692	0	0	0.40231	0	0	0	0	0	0	0	0	0	0	0
Colaborador	0	0	0	0	0	0	0	0	0	0	0.13588	0.39794	0	0.76782	0	0	0	0	0	0	0	0	0	0	0	0	0	0	0	0	0	0	0	0	0	0.31184	0	0	0	0	0	0.4193	0	0	0	0	0	0	0	0	0	0	0
Colaborador	0	0	0	0	0	0.26875	0	0	0	0	0	0	0	0	0	0	0	0	0	0	0	0	0.13092	0	0	0	0	0	0	0	0	0	0	0	0	0	0	0	0	0.2711	0	0.19224	0	0	0	0	0	0	0.13927	0.11909	0	0	0
Colaborador	0	0	0	0	0.18815	0.37607	0.15715	0	0	0	0	0	0.23831	0.22043	0	0	0	0	0	0	0	0	0.27308	0	0	0	0	0	0	0	0	0	0	0	0	0	0	0	0	0.16307	0	0	0	0	0.12922	0	0	0	0	0	0	0.13332	0
Colaborador	0	0	0	0	0	0	0.1102	0	0	0	0	0	0.34887	0.44867	0	0	0	0	0	0.13134	0	0	0	0.2762	0	0	0.11711	0	0	0	0	0	0	0	0	0.21907	0	0	0	0	0	0.10702	0	0	0	0	0	0	0	0	0.11225	0	0
Colaborador	0	0	0	0	0	0	0.1102	0	0	0	0	0	0.34887	0.44867	0	0	0	0	0	0.13134	0	0	0	0.2762	0	0	0.11711	0	0	0	0	0	0	0	0	0.21907	0	0	0	0	0	0.10702	0	0	0	0	0	0	0	0	0.11225	0	0
Colaborador	0	0	0	0	0	0	0.70583	0	0.23912	0	0	0	0.26223	0.13289	0	0	0	0	0	0	0	0	0.20953	0.21694	0	0	0	0	0	0	0	0.12083	0	0	0	0	0	0	0	0	0	0	0	0	0	0	0	0	0	0	0	0	0
Colaborador	0	0	0	0	0	0	0	0	0	0	0	0	0.12963	0.10361	0	0	0	0	0	0.18095	0.12953	0	0	0	0	0	0	0	0	0	0	0	0	0	0	0.14122	0	0	0	0	0	0.16256	0	0	0	0	0.17239	0	0.26383	0.27636	0	0	0
Colaborador	0	0	0	0	0.16884	0.40521	0	0	0	0	0	0	0	0	0.40228	0	0	0	0	0.32689	0.5499	0.18837	0	0	0	0	0	0	0	0	0	0	0	0	0	0	0	0	0	0	0	0	0	0	0	0.20386	0	0	0	0	0	0	0
Colaborador	0	0	0	0	0	0	0	0	0	0	0.18236	0	0	0.35218	0	0.24658	0	0	0	0	0	0	0	0	0	0	0	0	0	0	0	0	0	0	0	0	0	0	0.20213	0	0	0.26678	0	0	0	0	0.19147	0	0	0	0	0	0
Colaborador	0	0	0	0	0	0	0	0.10798	0	0	0.4468	0	0	0.42107	0	0.28819	0	0	0	0	0	0	0	0	0	0	0	0	0	0	0	0	0	0	0	0.146	0	0	0	0	0	0.27135	0.22896	0	0	0	0.28279	0	0	0.15566	0	0	0
Colaborador	0	0	0	0	0	0	0	0	0	0	0	0	0	0	0	0	0	0	0	0	0	0	0	0	0	0	0	0	0	0	0	0	0	0	0	0	0	0	0	0	0	0	0	0	0	0	0	0	0	0	0	0	0
Colaborador	0	0	0	0	0	0	0	0	0	0	0	0	0	0.11232	0	0	0	0	0.36019	0	0	0	0	0	0	0	0.21491	0.48012	0	0	0.16994	0	0.18171	0	0	0.20598	0	0	0	0	0.10019	0	0.10008	0	0.10125	0	0.1683	0	0	0	0.16534	0	0.1064
Colaborador	0	0	0	0	0	0.21365	0.12268	0	0.1777	0	0	0	0.19757	0	0	0	0	0	0	0.57787	0.22671	0.11548	0.27988	0	0	0.42085	0	0	0	0	0	0	0	0.23838	0	0	0	0	0	0	0	0.10761	0	0	0.19288	0	0	0.48407	0.2008	0	0	0	0
Colaborador	0	0	0	0	0	0.21365	0.12268	0	0.1777	0	0	0	0.19757	0	0	0	0	0	0	0.57787	0.22671	0.11548	0.27988	0	0	0.42085	0	0	0	0	0	0	0	0.23838	0	0	0	0	0	0	0	0.10761	0	0	0.19288	0	0	0.48407	0.2008	0	0	0	0
Colaborador	0	0	0	0	0	0	0	0	0	0	0	0.1911	0.21129	0.32835	0	0	0	0	0.11452	0	0	0	0	0	0	0	0	0	0	0	0	0	0	0	0	0.48662	0	0	0	0	0	0	0	0	0	0	0	0	0	0	0	0	0
Colaborador	0	0	0	0	0	0.41576	0	0	0.10439	0	0	0	0	0.15089	0.1357	0	0	0	0	0.67652	0.37079	0	0	0.13902	0	0	0	0	0	0	0	0	0	0	0	0	0	0	0	0	0	0.27133	0	0	0	0.10555	0	0	0.15837	0	0	0	0
Colaborador	0	0	0	0	0	0.41576	0	0	0.10439	0	0	0	0	0.15089	0.1357	0	0	0	0	0.67652	0.37079	0	0	0.13902	0	0	0	0	0	0	0	0	0	0	0	0	0	0	0	0	0	0.27133	0	0	0	0.10555	0	0	0.15837	0	0	0	0
Colaborador	0	0	0	0.10725	0	0.1916	0	0	0	0	0	0	0.14701	0.10731	0.10674	0	0	0	0	0.13096	0.23966	0	0	0	0	0	0	0	0	0	0	0	0	0	0	0.24075	0	0	0	0	0	0	0	0	0	0.10861	0	0	0.20134	0.11821	0	0	0
Colaborador	0	0	0	0	0.13462	0.30346	0	0	0	0	0	0	0	0.19472	0.21044	0	0	0	0	0.58452	0.41445	0	0.17423	0.16502	0	0	0	0	0	0	0	0	0	0	0	0	0	0	0	0.10809	0	0.28386	0	0	0.22947	0	0	0.18399	0	0	0	0	0
Colaborador	0	0	0	0	0.13462	0.30346	0	0	0	0	0	0	0	0.19472	0.21044	0	0	0	0	0.58452	0.41445	0	0.17423	0.16502	0	0	0	0	0	0	0	0	0	0	0	0	0	0	0	0.10809	0	0.28386	0	0	0.22947	0	0	0.18399	0	0	0	0	0
Colaborador	0	0	0	0	0.13462	0.30346	0	0	0	0	0	0	0	0.19472	0.21044	0	0	0	0	0.58452	0.41445	0	0.17423	0.16502	0	0	0	0	0	0	0	0	0	0	0	0	0	0	0	0.10809	0	0.28386	0	0	0.22947	0	0	0.18399	0	0	0	0	0
Colaborador	0.10406	0	0	0.15444	0	0.18304	0	0	0	0	0	0	0	0	0.10555	0	0	0	0	0	0	0	0	0	0	0	0	0	0	0	0	0	0	0	0	0	0	0	0	0	0	0	0	0	0	0.22559	0	0	0	0	0	0	0
Colaborador	0.12837	0	0.2716	0	0	0	0	0	0	0	0.37839	0	0	0	0	0.38336	0	0	0	0	0	0	0	0	0	0	0	0.29365	0	0	0	0	0.3426	0	0	0.50165	0	0	0	0	0	0	0	0	0	0	0.45382	0	0	0	0	0	0
Colaborador	0	0	0	0	0.15481	0.11756	0	0	0	0	0	0	0.10119	0	0	0	0	0	0	0.38852	0.17235	0	0.26548	0	0	0	0.54514	0	0	0	0	0	0	0	0	0	0	0	0	0.36281	0	0	0	0	0.8245	0	0	0	0.22021	0	0.32074	0	0
Colaborador	0	0	0	0	0.15481	0.11756	0	0	0	0	0	0	0.10119	0	0	0	0	0	0	0.38852	0.17235	0	0.26548	0	0	0	0.54514	0	0	0	0	0	0	0	0	0	0	0	0	0.36281	0	0	0	0	0.8245	0	0	0	0.22021	0	0.32074	0	0
Colaborador	0	0	0	0	0.15481	0.11756	0	0	0	0	0	0	0.10119	0	0	0	0	0	0	0.38852	0.17235	0	0.26548	0	0	0	0.54514	0	0	0	0	0	0	0	0	0	0	0	0	0.36281	0	0	0	0	0.8245	0	0	0	0.22021	0	0.32074	0	0
Colaborador	0	0	0	0	0	0.47515	0	0	0	0	0	0	0	0	0.16097	0	0	0	0	0.67304	0.44921	0	0	0	0	0	0	0	0	0	0	0	0	0	0	0	0	0	0	0	0	0.1007	0	0	0.12781	0	0	0	0.35033	0	0	0	0
Colaborador	0	0	0	0	0	0.47515	0	0	0	0	0	0	0	0	0.16097	0	0	0	0	0.67304	0.44921	0	0	0	0	0	0	0	0	0	0	0	0	0	0	0	0	0	0	0	0	0.1007	0	0	0.12781	0	0	0	0.35033	0	0	0	0
Colaborador	0	0	0	0	0	0	0	0	0	0	0	0	0	0.38306	0	0	0	0	0	0.34231	0.10847	0	0	0	0	0	0.34351	0	0	0	0	0	0	0	0	0	0	0	0	0.11376	0	0.25969	0.16448	0	0.47434	0	0	0	0	0	0.22428	0	0
Colaborador	0	0	0	0	0.18464	0.25411	0.10455	0	0	0	0	0	0	0.21325	0	0	0	0	0	0.16259	0	0	0.1853	0	0	0	0	0	0	0	0	0	0	0	0	0	0	0	0	0.16037	0	0.30895	0	0	0.11598	0	0	0	0	0	0	0	0
Colaborador	0	0	0	0	0.18464	0.25411	0.10455	0	0	0	0	0	0	0.21325	0	0	0	0	0	0.16259	0	0	0.1853	0	0	0	0	0	0	0	0	0	0	0	0	0	0	0	0	0.16037	0	0.30895	0	0	0.11598	0	0	0	0	0	0	0	0
Colaborador	0	0	0	0	0	0	0.14595	0	0	0	0	0	0.32318	0	0	0	0	0	0	0.10495	0	0	0	0.15698	0	0	0	0	0	0	0	0	0	0	0	0	0	0	0	0	0	0.1547	0	0	0	0	0	0	0.63222	0.26324	0	0	0
Colaborador	0.17412	0.11999	0	0	0	0	0	0	0	0	0.19693	0	0	0.28709	0	0.20821	0	0	0.26565	0	0	0	0	0	0	0	0.1195	0.26773	0	0	0	0	0.1673	0	0	0.15676	0	0.21245	0	0	0.12019	0.15593	0	0	0	0	0.25412	0	0	0	0.15948	0	0
Colaborador	0	0	0	0	0	0	0	0	0	0	0	0	0.39535	0.50788	0	0	0	0	0.11694	0.19048	0	0	0	0.25703	0	0	0	0	0	0	0	0	0	0	0	0.13284	0	0	0	0	0	0.20026	0	0	0	0	0	0	0.121	0.1162	0	0	0
Colaborador	0	0	0	0	0	0	0	0	0	0	0.41582	0	0	0.48363	0	0.49049	0	0	0	0	0	0	0	0	0	0	0	0	0	0	0	0	0.20627	0	0	0	0	0	0	0	0	0.29184	0.21308	0	0	0	0.35952	0	0	0	0	0	0
Colaborador	0.28213	0.10414	0	0	0	0	0	0	0	0	0	0	0	0	0	0.17604	0	0	0	0	0	0	0	0	0	0	0	0.12596	0	0	0	0	0.76782	0	0	0	0.12698	0	0	0	0	0	0.11477	0	0	0	0.37675	0	0	0	0	0	0
Colaborador	0	0	0	0	0	0	0	0	0	0	0	0.10375	0.24743	0.45016	0	0	0	0	0	0	0	0	0	0	0	0	0	0.1142	0	0	0	0	0	0	0	0.53572	0	0	0	0	0	0	0	0	0	0	0	0	0	0	0	0	0
Colaborador	0	0	0	0	0.26605	0.32214	0	0	0	0	0	0	0	0.10228	0.21853	0	0	0	0	0.48249	0.42914	0.18674	0.25253	0	0	0	0.39209	0	0	0	0	0	0	0	0	0	0	0	0	0.23276	0	0.2041	0	0	0.25765	0	0	0.12851	0.24559	0	0.2618	0	0
Colaborador	0	0	0	0	0.26605	0.32214	0	0	0	0	0	0	0	0.10228	0.21853	0	0	0	0	0.48249	0.42914	0.18674	0.25253	0	0	0	0.39209	0	0	0	0	0	0	0	0	0	0	0	0	0.23276	0	0.2041	0	0	0.25765	0	0	0.12851	0.24559	0	0.2618	0	0
Colaborador	0	0	0	0	0	0	0	0	0	0	0	0.1475	0.67919	0.45584	0	0	0	0	0	0	0	0	0	0.19768	0	0	0	0	0	0	0	0	0	0	0	0	0	0	0	0	0	0.11977	0	0	0	0	0	0	0	0	0	0	0
Colaborador	0	0	0	0	0.11059	0.14867	0.30244	0	0	0	0	0.18135	0	0.31912	0.11597	0	0	0	0.28538	0	0.23837	0	0.45702	0	0	0	0.12531	0	0	0	0	0.33623	0	0	0	0	0	0	0	0	0	0.20425	0	0	0	0	0	0	0	0	0	0	0
Colaborador	0	0	0	0	0.11059	0.14867	0.30244	0	0	0	0	0.18135	0	0.31912	0.11597	0	0	0	0.28538	0	0.23837	0	0.45702	0	0	0	0.12531	0	0	0	0	0.33623	0	0	0	0	0	0	0	0	0	0.20425	0	0	0	0	0	0	0	0	0	0	0
Colaborador	0	0	0	0	0.42985	0.30195	0	0	0	0	0	0	0	0	0.1581	0	0	0	0	0.30995	0.19851	0.15413	0.28166	0	0	0	0.21726	0	0	0	0	0	0	0	0	0	0	0	0	0.47463	0	0.14297	0	0	0.45455	0	0	0	0.15224	0	0	0	0
Colaborador	0	0	0	0	0.42985	0.30195	0	0	0	0	0	0	0	0	0.1581	0	0	0	0	0.30995	0.19851	0.15413	0.28166	0	0	0	0.21726	0	0	0	0	0	0	0	0	0	0	0	0	0.47463	0	0.14297	0	0	0.45455	0	0	0	0.15224	0	0	0	0
Colaborador	0	0	0	0	0.11611	0.29437	0	0	0	0	0	0	0.25764	0.11901	0.13227	0	0	0	0	0.31476	0.38557	0.13242	0.13929	0	0	0	0	0	0	0	0	0	0	0	0	0	0	0	0	0	0	0.10773	0	0	0	0	0	0	0.2357	0	0	0	0
Colaborador	0	0	0	0	0	0.22469	0.49335	0	0	0	0	0	0	0.15384	0	0	0	0	0.12895	0.25511	0	0	0.4879	0.15393	0	0	0.12194	0	0	0	0	0.13797	0	0	0	0	0	0	0	0.25479	0	0.1846	0	0	0.24519	0	0	0.11349	0	0	0	0.13556	0
Colaborador	0	0	0	0	0	0	0	0	0	0	0.15898	0.39485	0.10735	0.3893	0	0	0	0	0.17956	0	0	0	0	0	0	0	0	0	0	0	0	0	0	0	0	0.14714	0	0	0	0	0	0.31	0	0	0	0	0.12664	0	0	0	0	0	0
Colaborador	0	0	0	0	0.26821	0.38997	0	0	0	0	0	0	0.16901	0.14891	0.15825	0	0	0	0	0	0	0	0	0	0	0	0	0	0	0	0	0	0	0	0	0	0	0	0.15754	0	0	0	0	0	0	0	0	0	0	0	0	0	0
Colaborador	0	0	0	0	0	0.17829	0	0	0	0	0	0	0.34576	0.14167	0	0	0	0	0	0	0.13442	0	0	0	0	0	0	0	0	0	0	0	0	0	0	0.10363	0	0	0	0	0	0	0	0	0	0	0	0	0.10059	0	0	0	0
Colaborador	0.10615	0	0	0	0	0.12853	0	0	0	0	0	0	0	0.12774	0.15509	0	0	0	0	0.4004	0.36725	0	0	0	0	0	0	0	0	0	0	0	0	0	0	0.11462	0	0	0	0	0	0.21828	0	0	0	0	0.10951	0	0.49691	0.20416	0	0	0
Colaborador	0	0	0	0	0	0.19844	0	0	0	0	0	0	0	0.12671	0.10213	0	0	0	0	0.27321	0.20134	0	0	0	0	0	0	0	0	0	0	0	0	0	0	0	0	0	0	0	0	0.22384	0	0	0	0	0.21706	0	0.10384	0	0	0	0.11315
Colaborador	0	0	0	0	0	0	0.11757	0	0	0	0	0	0	0.16842	0	0	0	0	0	0.21601	0	0	0.46529	0	0	0	0.4435	0	0	0	0	0	0	0	0	0	0	0	0	0.4918	0	0.13298	0	0	0.94635	0	0	0.15706	0	0	0.20785	0	0
Colaborador	0	0	0	0	0	0.18257	0	0	0	0	0	0	0	0.19984	0.15627	0	0	0	0	0.197	0.21858	0	0	0	0	0	0	0	0	0	0	0	0	0	0	0.18101	0	0	0	0	0	0.26487	0	0	0	0	0	0	0.34293	0	0	0	0
Colaborador	0	0	0	0	0	0.10138	0	0	0	0	0	0	0	0.16058	0	0	0	0	0.14332	0	0	0	0	0	0	0	0.24874	0.12612	0	0	0	0	0	0	0	0.1086	0	0	0	0	0.12408	0.118	0	0	0	0	0.16036	0	0	0	0.18927	0	0
Colaborador	0	0	0	0	0.24821	0.47959	0.17375	0	0	0	0	0	0.35325	0.14304	0.13896	0	0	0	0	0.34099	0.38821	0	0.39656	0.12615	0	0	0.14955	0	0	0	0	0	0	0	0	0	0	0	0	0	0	0.1303	0	0	0.13988	0	0	0	0.34577	0	0	0	0
Colaborador	0.16579	0	0	0	0	0	0	0	0	0	0.15415	0	0	0	0	0.18016	0	0	0	0	0	0	0	0	0	0	0	0	0	0	0	0	0.7157	0	0	0	0	0	0	0	0	0	0	0	0	0	0.2147	0	0	0	0	0	0
Colaborador	0	0	0	0	0.23922	0.63773	0	0	0	0	0	0	0	0.10035	0.2646	0	0	0	0	0.34049	0.44021	0.14552	0.15485	0	0	0	0.11431	0	0	0	0	0	0.20189	0	0	0	0	0	0	0	0	0	0.15072	0	0	0	0	0	0.11182	0	0	0.10221	0
Colaborador	0	0	0	0	0	0.19221	0.30553	0	0	0	0	0	0	0.18305	0.1054	0	0	0	0	0.11075	0.11823	0	0.39181	0	0	0	0.26786	0	0	0	0	0.10784	0	0	0	0	0	0	0	0.25007	0	0	0	0	0.1579	0	0	0	0	0	0.13477	0.2305	0
Colaborador	0	0	0	0	0	0	0	0	0	0	0.10421	0	0	0	0.13494	0.27789	0	0	0.1017	0	0	0	0	0	0	0	0	0	0	0	0	0	0.30491	0	0	0	0	0	0	0	0	0.1495	0.44695	0	0	0	0.59827	0	0	0	0	0	0.23888
Colaborador	0	0	0	0.34625	0	0.2063	0	0	0.14784	0	0	0	0.12168	0	0.16477	0	0	0	0	0	0.22945	0.11815	0	0.10002	0	0	0	0	0	0	0	0	0	0	0	0	0	0	0	0	0	0.13311	0	0	0	0.3928	0	0	0.12774	0	0	0	0
Colaborador	0	0	0	0.17429	0	0.12023	0	0	0	0.13736	0	0	0	0.13263	0.11319	0	0	0	0	0	0	0	0	0	0	0	0	0.11148	0	0	0	0	0	0	0	0.21761	0	0	0	0	0	0	0	0	0	0.29483	0	0	0	0	0	0	0
Colaborador	0	0	0	0	0.25011	0.55007	0	0	0	0	0	0	0.15863	0.24641	0.17771	0	0	0	0	0.45638	0.48133	0	0.18873	0.10218	0	0	0	0	0	0	0	0	0	0	0	0	0	0	0	0	0	0.15149	0	0	0	0	0	0	0.15117	0	0	0	0
Colaborador	0	0	0	0	0	0	0	0	0	0	0	0	0	0	0	0	0	0	0	0	0	0	0	0	0	0	0	0	0	0	0	0	0	0	0	0	0	0	0	0	0	0	0	0	0	0	0	0	0	0	0	0	0
Colaborador	0	0	0	0	0	0	0.19951	0	0	0.10644	0.15077	0.14456	0	0.31699	0	0	0	0	0	0.12447	0	0	0.25166	0	0	0	0	0	0	0	0	0.12857	0	0	0	0	0	0	0	0	0	0.16738	0	0	0.22178	0	0	0	0	0	0	0	0
Colaborador	0	0	0	0	0	0	0	0	0	0	0	0.11677	0	0.24556	0	0.18109	0	0	0.35452	0	0	0	0	0	0	0	0	0.42199	0	0	0.27217	0	0	0	0	0.28082	0	0	0	0	0	0	0	0	0	0	0.34828	0	0	0	0	0	0.16373
Colaborador	0	0	0	0	0	0	0	0	0	0	0	0	0.1208	0.39803	0	0	0	0	0	0	0.1506	0	0	0	0	0	0	0	0	0	0	0	0	0	0	0.41365	0	0	0	0	0	0.16346	0	0	0	0	0	0	0	0	0	0	0
Colaborador	0	0	0	0	0.15166	0.47298	0	0	0	0	0	0	0.24604	0.10614	0.13013	0	0	0	0	0	0.15637	0	0	0	0	0	0	0	0	0	0	0	0	0	0	0.24019	0	0	0	0	0	0	0	0	0	0	0	0	0	0	0	0	0
Colaborador	0.11708	0	0	0	0	0	0	0	0	0	0.16523	0	0	0.3107	0	0.18074	0	0	0.12311	0	0	0	0	0	0	0	0.16743	0.15817	0	0	0	0	0.20001	0	0	0.21197	0	0	0	0	0	0.26938	0.10262	0	0	0	0.30175	0	0	0	0.16427	0	0
Colaborador	0.53463	0.13171	0	0	0	0	0	0	0	0	0.10392	0	0	0.2073	0	0.16946	0	0	0.14527	0	0	0	0	0	0	0	0.20968	0.38269	0	0	0	0	0.21319	0	0	0.25002	0	0	0	0	0.18476	0.12629	0	0	0	0	0.33743	0	0	0	0.27111	0	0.12585
Colaborador	0	0	0	0	0	0.4106	0	0	0	0	0	0	0	0	0	0	0	0	0.2349	0.1155	0	0	0.27155	0	0	0	0	0	0	0	0	0	0	0	0	0	0	0	0	0.13305	0	0	0	0	0	0.10612	0	0	0	0	0	0.5242	0
Colaborador	0	0	0	0	0	0	0	0	0	0	0	0.21552	0.31896	0.59888	0	0	0	0	0	0	0	0	0	0	0	0	0	0	0	0	0	0	0	0	0	0.29804	0	0	0	0	0	0.16374	0	0	0	0	0	0	0	0	0	0	0
Colaborador	0	0	0	0	0.11802	0.31051	0	0	0	0	0	0	0	0.3301	0.21977	0	0	0	0	0.40285	0.58008	0.12452	0.13727	0	0	0	0	0	0	0	0	0	0	0	0	0	0	0	0	0	0	0.31316	0	0	0.12307	0	0	0	0	0	0	0	0
Colaborador	0	0	0	0	0	0.25521	0.16569	0	0	0	0	0	0	0.28276	0.13492	0	0	0	0	0.34566	0.36655	0	0.22482	0.11259	0	0	0	0	0	0	0	0	0	0	0	0	0	0	0	0	0	0.26736	0	0	0.20243	0	0	0.1438	0	0	0	0	0
Colaborador	0	0	0	0	0	0	0	0	0	0	0.45379	0.14128	0	0.32912	0	0.32417	0	0	0	0	0	0	0	0	0	0	0	0	0	0	0	0	0.23809	0	0	0.21201	0	0	0	0	0	0.14627	0.25834	0	0	0	0.44634	0	0	0	0	0	0
Colaborador	0.15426	0.14656	0	0	0	0	0	0	0	0	0	0	0	0.17236	0	0.16561	0	0	0.19997	0	0	0	0	0	0	0	0.11637	0.32182	0	0	0	0	0.1933	0	0	0.16006	0.10121	0.24094	0	0	0.11716	0	0	0	0	0	0.2089	0	0	0	0.13425	0	0
Colaborador	0.19679	0	0	0	0	0	0	0	0	0	0.1949	0	0	0.27819	0	0.52221	0	0	0.11501	0	0	0	0	0	0	0	0	0.21192	0	0	0	0	0.14981	0	0	0.16988	0	0	0	0	0.15922	0.1796	0.1848	0	0	0	0.8132	0	0	0.11624	0	0	0.23631
Colaborador	0	0	0	0	0	0.19919	0	0	0	0	0	0	0	0	0	0	0	0	0	0.92465	0.11048	0	0	0	0	0.10941	0	0	0	0	0	0	0	0	0	0	0	0	0	0	0	0.14312	0	0	0.28812	0	0	0.16399	0	0	0	0	0
Colaborador	0	0	0	0	0.11717	0.16887	0	0	0	0	0	0	0	0.10239	0.23503	0	0	0	0.19378	0	0.11225	0	0	0	0	0	0	0.12727	0	0	0	0	0.448	0	0	0.10142	0	0	0	0	0	0	0	0	0	0.12688	0.20196	0	0	0	0	0	0
Colaborador	0	0	0	0	0.11717	0.16887	0	0	0	0	0	0	0	0.10239	0.23503	0	0	0	0.19378	0	0.11225	0	0	0	0	0	0	0.12727	0	0	0	0	0.448	0	0	0.10142	0	0	0	0	0	0	0	0	0	0.12688	0.20196	0	0	0	0	0	0
Colaborador	0	0	0	0	0	0	0	0	0	0	0	0	0	0.19651	0	0	0	0	0	0	0	0	0	0	0	0	0	0.26912	0	0	0.35665	0	0	0	0	0.38642	0.23627	0	0.21255	0	0	0	0	0	0	0	0	0	0	0	0	0	0
Colaborador	0	0	0	0	0	0	0	0	0	0	0	0	0	0	0	0	0	0	0	0	0	0	0	0	0	0	0	0	0	0	0	0	0	0	0	0	0	0	0	0	0	0	0	0	0	0	0	0	0	0	0	0	0
Colaborador	0	0	0	0	0	0	0	0	0	0	0.43922	0.16103	0	0.4658	0	0.41792	0	0	0	0	0	0	0	0	0	0	0	0	0	0	0	0	0	0	0	0.14009	0	0	0	0	0	0.2128	0.25504	0	0	0	0.49236	0	0	0	0	0	0.13926
Colaborador	0	0	0	0	0	0	0	0	0	0	0.43922	0.16103	0	0.4658	0	0.41792	0	0	0	0	0	0	0	0	0	0	0	0	0	0	0	0	0	0	0	0.14009	0	0	0	0	0	0.2128	0.25504	0	0	0	0.49236	0	0	0	0	0	0.13926
Colaborador	0	0	0	0	0	0.14158	0	0	0	0	0.10099	0	0	0.50957	0.17061	0	0	0	0	0.14012	0.33798	0	0	0	0	0	0.10249	0	0	0	0	0	0	0	0	0	0	0	0	0	0	0.36121	0	0	0	0	0	0	0	0	0	0	0
Colaborador	0	0	0	0	0.12485	0.58364	0	0	0	0	0	0	0.1597	0	0	0	0	0	0	0.33003	0.26096	0	0.29445	0	0	0	0	0	0	0	0	0	0	0	0	0	0	0	0	0.11832	0	0	0	0	0.16567	0	0	0	0	0	0	0.10669	0
Colaborador	0	0	0	0	0	0	0	0	0	0	0	0	0	0.14999	0	0.30265	0	0	0.58235	0	0	0	0	0	0	0	0	0.37429	0	0	0.19205	0	0.15582	0	0	0	0.19226	0	0	0	0.23456	0.20917	0.18826	0	0	0	0.41912	0	0	0	0	0	0.48748
Colaborador	0	0	0	0	0	0	0	0	0	0	0.164	0.1818	0	0.17109	0	0.15057	0	0	0.33229	0	0	0	0	0	0	0	0	0.35274	0	0	0	0	0.13839	0	0	0.25373	0	0	0	0	0	0	0	0	0	0	0.29979	0	0	0	0	0	0
Colaborador	0	0	0	0	0	0.23912	0.17323	0	0.2111	0	0	0	0	0	0	0	0	0	0	0.17889	0.10869	0	0.16955	0	0	0	0.30136	0	0	0	0	0	0	0	0	0	0	0	0	0.10878	0	0	0	0	0.14013	0	0	0	0	0	0.2094	0	0
Colaborador	0	0	0	0	0	0	0	0	0	0	0.33615	0	0	0	0	0.20408	0	0	0	0	0	0	0	0	0	0	0	0	0	0	0	0	0	0	0	0	0	0	0	0	0.34752	0	0	0	0	0.14635	0.14512	0	0	0	0	0	0
Colaborador	0	0	0	0	0	0.4318	0	0	0	0	0	0	0.23187	0.17067	0.16232	0	0	0	0	0.19451	0.35357	0	0	0.26049	0	0	0	0	0	0	0	0	0	0	0	0.12253	0	0	0	0	0	0	0	0	0	0.19201	0	0	0	0	0	0	0
Colaborador	0	0	0	0	0	0	0	0	0	0	0	0	0	0.17728	0	0.23779	0	0	0.29485	0	0	0	0	0	0	0	0	0.21973	0	0	0	0	0.14168	0	0	0	0	0	0	0	0.47017	0.22726	0	0	0	0	0.37657	0	0	0	0	0	0.42675
Colaborador	0	0	0	0	0	0.13273	0	0	0.1343	0	0	0	0	0.39557	0	0	0	0	0.11307	0.12979	0.22605	0	0	0.17909	0	0	0.16588	0	0	0	0	0	0	0	0	0	0	0	0	0	0	0.17864	0	0	0	0	0	0	0	0	0.12816	0	0
Colaborador	0	0	0	0	0.12954	0.21229	0	0	0	0	0	0	0	0.24965	0.22054	0	0	0	0	0.62625	0.7058	0.32048	0.16475	0.13485	0	0	0	0	0	0	0	0	0	0	0	0	0	0	0	0	0	0.23696	0	0	0.12491	0	0	0.18969	0.1911	0	0	0	0
Colaborador	0	0	0	0	0	0.12353	0	0	0	0	0	0	0	0	0	0	0	0	0	0.52585	0	0	0.24331	0	0	0	0.42356	0	0	0	0	0	0	0	0	0	0	0	0	0.2982	0	0.14216	0	0	0.83231	0	0	0	0	0	0.28881	0	0
Colaborador	0	0	0	0	0	0	0.2125	0	0	0	0	0	0.10282	0.1048	0	0	0	0	0	0	0.12491	0	0.35452	0	0	0	0.82775	0	0	0	0	0	0	0	0	0.12441	0	0	0	0	0	0	0.17308	0	0.15557	0	0	0	0	0	0.75996	0	0
Colaborador	0	0	0	0	0.23915	0.29809	0	0	0.14564	0	0	0	0	0	0	0	0	0	0	0	0	0	0.14377	0	0	0	0	0.18507	0	0	0.14115	0	0	0	0	0	0	0	0	0	0.15116	0	0	0	0.10549	0	0	0	0	0	0	0	0
Colaborador	0	0	0	0	0	0	0	0	0	0	0.14863	0	0	0.14206	0	0.55403	0	0	0.13931	0	0	0	0	0	0	0	0	0	0	0	0	0	0	0	0	0	0	0	0	0	0.24776	0.11346	0.1379	0	0	0	0.69464	0	0	0	0	0	0.38917
Colaborador	0	0	0	0	0	0	0	0	0	0	0.14356	0.22598	0.10137	0.17655	0	0.12545	0	0	0	0	0	0	0	0	0	0	0	0	0	0	0	0	0	0	0	0.21933	0	0	0	0	0	0	0	0	0	0	0.26917	0	0	0	0	0	0
Colaborador	0.58123	0	0	0	0	0	0	0.20998	0	0	0	0	0	0.27933	0	0	0	0	0	0	0	0	0	0	0	0	0	0.12286	0	0	0	0	0	0	0	0.30322	0	0	0	0	0	0.36317	0	0	0	0	0.31779	0	0	0.49821	0	0	0
Colaborador	0	0	0	0	0	0	0	0	0	0	0	0	0	0	0	0	0	0	0	0	0	0	0	0	0.19428	0	0	0.49061	0	0	0.4316	0	0	0	0	0	0.33215	0	0	0	0.19661	0	0	0	0	0	0.15015	0	0	0.14524	0	0	0.39518
Colaborador	0	0	0	0.13838	0	0.22829	0	0	0	0	0	0	0	0	0	0	0	0	0	0	0	0	0	0	0	0	0	0	0	0	0	0	0	0	0	0	0	0	0	0	0	0	0	0	0	0.18366	0	0	0	0	0	0	0
Colaborador	0	0	0	0.13713	0	0.10983	0	0.10483	0	0	0	0	0.1245	0.1122	0	0	0	0	0	0.1962	0.17612	0	0	0	0	0	0	0	0	0	0	0	0	0	0	0	0	0	0.1387	0	0	0.30628	0	0	0	0	0	0	0.33071	0.17406	0	0	0
Colaborador	0.16579	0	0	0	0	0	0	0	0	0	0.15415	0	0	0	0	0.18016	0	0	0	0	0	0	0	0	0	0	0	0	0	0	0	0	0.7157	0	0	0	0	0	0	0	0	0	0	0	0	0	0.2147	0	0	0	0	0	0
Colaborador	0	0	0	0	0	0.13032	0.15335	0	0.26811	0	0.10735	0	0.1463	0.25824	0	0	0	0	0	0.11944	0	0	0.13172	0	0	0	0.27505	0	0	0	0	0	0	0	0	0	0	0	0	0	0	0.1109	0	0	0.12433	0	0	0	0	0	0.17579	0	0
Colaborador	0	0	0	0	0	0.26832	0.15887	0	0.24509	0	0.10956	0	0	0.10998	0	0	0	0	0	0.15155	0.4592	0	0.1384	0	0	0	0.15548	0	0	0	0	0	0	0.10885	0	0	0	0	0	0	0	0	0	0	0	0	0	0	0	0	0.13811	0	0
Colaborador	0	0	0	0	0	0	0.49771	0	0	0	0.10839	0	0	0.10826	0	0	0	0	0	0	0	0	0.12056	0	0	0	0	0	0	0	0	0.11553	0.26888	0	0	0	0	0	0	0	0	0.14169	0.83919	0	0	0	0.12701	0	0	0	0	0	0
Colaborador	0	0	0	0	0	0	0.39139	0	0	0	0	0	0.10873	0.19654	0	0	0	0	0	0.11483	0	0	0.10277	0.30247	0	0	0	0	0	0	0	0.38109	0	0	0	0	0	0	0	0	0	0.18312	0	0	0	0	0	0	0	0	0	0	0
Colaborador	0	0	0	0	0	0	0.12721	0	0	0	0.31561	0.41329	0	0.31647	0	0	0	0	0.26729	0	0	0	0	0	0	0	0	0	0	0	0	0	0	0	0	0.37403	0	0	0	0	0	0	0	0	0	0	0	0	0	0	0	0	0
Colaborador	0	0	0	0.10022	0	0	0	0	0.1126	0	0.31119	0	0	0	0	0.13264	0	0	0.1519	0	0	0	0	0	0	0	0	0.18255	0	0	0.124	0	0	0	0	0	0	0	0	0	0	0	0	0	0	0	0.14081	0	0	0	0	0	0
Padre	0	0	0	0	0	0.24119	0	0	0	0	0	0	0	0.186	0.18635	0	0	0	0	0.17402	0.29432	0.10998	0	0	0	0	0	0	0	0	0	0	0	0	0	0.16346	0	0	0	0	0	0.1291	0	0	0	0	0.1025	0	0	0	0	0	0
Padre	0.10573	0	0	0	0	0	0	0	0	0	0	0	0	0.47613	0	0.10478	0	0	0	0	0	0	0	0	0	0	0	0	0	0	0	0	0.13097	0	0	0.17885	0	0	0	0	0	0.18501	0	0	0	0	0.1464	0	0	0	0	0	0
Padre	0	0	0	0	0	0	0	0	0	0	0.17519	0.13418	0	0.41122	0	0	0	0	0.3488	0	0	0	0	0	0	0	0.40371	0.29658	0	0	0	0	0	0	0	0.45895	0	0.11123	0.12001	0	0	0.16156	0	0	0	0	0	0	0	0	0.33196	0	0
Padre	0	0	0	0	0	0.15425	0	0	0	0	0.18315	0.14187	0	0.40444	0.10232	0.11123	0	0	0.10291	0.10732	0.12344	0	0	0	0	0	0	0	0	0	0	0	0	0	0	0	0	0	0	0	0	0.35733	0	0	0	0	0.13039	0	0	0	0	0	0
Padre	0	0	0	0	0	0	0	0	0	0	0.11457	0	0	0.31165	0	0.16436	0	0	0.18497	0.10212	0	0	0	0	0	0	0	0.12575	0	0	0	0	0.30329	0	0	0	0	0	0	0	0	0.19641	0	0	0	0	0.20753	0	0	0	0	0	0
Padre	0.12068	0	0	0	0	0	0	0	0	0	0.3746	0.17127	0	0.16851	0	0.34791	0	0	0	0	0	0	0	0	0	0	0	0	0	0	0	0	0.36018	0	0	0	0	0	0	0	0	0.11836	0.13884	0	0	0	0.50162	0	0	0	0	0	0.12629
Padre	0.10691	0	0	0	0.21729	0.25279	0	0	0	0	0	0	0	0	0.35519	0	0	0	0	0	0.31465	0.18255	0	0	0	0	0	0	0	0	0	0	0	0	0	0	0	0	0	0	0	0	0	0	0	0	0	0	0.10343	0	0	0	0
Padre	0	0	0	0	0	0.14794	0	0	0	0	0	0.22532	0.10095	0.39443	0	0	0	0	0.3588	0.16106	0.11409	0	0	0	0	0	0.14578	0.1114	0	0	0	0	0	0	0	0.27854	0	0	0	0	0	0.19843	0	0	0	0	0	0	0	0	0.12838	0	0
Padre	0	0	0	0	0	0.28349	0	0	0	0	0	0	0.17857	0.20413	0	0	0	0	0	0.23325	0.34615	0	0	0.12147	0	0	0	0	0	0	0	0	0	0	0	0	0	0	0	0	0	0.18228	0	0	0	0	0	0	0.16101	0	0	0	0
Padre	0	0	0	0	0	0	0	0	0.11104	0	0	0	0.78916	0.12582	0	0	0	0	0	0	0	0	0	0.29051	0	0	0	0	0	0	0	0	0	0	0	0	0	0	0	0	0	0	0	0	0	0	0	0	0	0	0	0	0
Padre	0.24778	0	0	0	0	0	0	0	0	0	0	0	0	0.21419	0	0.10877	0	0	0	0	0	0	0	0	0	0	0	0.28956	0	0	0.14546	0	0	0	0	0.31506	0.10875	0	0.18181	0	0	0.14063	0	0	0	0	0.23623	0	0	0.29335	0	0	0
Padre	0	0	0	0	0	0	0.10717	0	0	0	0.12827	0.17057	0	0.27832	0	0.10281	0	0	0.16488	0	0	0	0	0	0	0	0	0.21677	0	0	0.13582	0	0.12959	0	0	0.28315	0	0	0.22067	0	0	0.14382	0	0	0	0	0.14943	0	0	0	0	0	0
Padre	0	0	0	0	0	0.21226	0	0	0	0	0.1496	0	0	0.22319	0	0	0	0	0	0.37634	0.22594	0	0	0	0	0	0	0	0	0	0	0	0	0	0	0	0	0	0	0	0	0.22328	0	0	0	0	0	0	0	0	0	0	0
Padre	0	0	0	0	0.24171	0.28061	0	0	0	0	0	0	0	0	0.38243	0	0	0	0	0.16111	0.34605	0.15213	0.12212	0	0	0	0.1729	0	0	0	0	0	0	0	0	0	0	0	0	0	0	0	0	0	0.15321	0.11461	0	0	0	0	0.14337	0	0
Padre	0	0	0	0	0	0.13322	0	0	0	0	0	0	0	0.27765	0	0	0	0	0	0.58119	0	0	0	0.22758	0	0	0	0	0	0	0	0	0	0	0	0	0	0	0	0	0	0.17374	0	0	0	0	0	0	0	0	0	0	0
Padre	0	0	0	0	0	0.14096	0	0	0	0	0	0	0.14486	0.28225	0.14388	0.30078	0	0	0	0.22358	0.32193	0	0	0.11924	0	0	0	0	0	0	0	0	0	0	0	0	0	0	0	0	0	0.15817	0.11483	0	0	0	0.34936	0	0	0.10366	0	0	0
Padre	0.36641	0.23166	0.12391	0	0	0	0	0.18823	0	0	0	0	0	0	0	0.29991	0	0	0	0	0	0	0	0	0.12315	0	0	0.65333	0	0	0.50984	0	0.3179	0	0	0.15703	0.49743	0	0	0	0.37782	0	0	0	0	0	0.60445	0	0	0.16313	0	0	0.40414
Padre	0	0	0	0	0.19545	0.23324	0.37169	0	0	0	0	0	0.24045	0.27657	0.18228	0	0	0	0	0.14078	0.28562	0	0.35331	0.38871	0	0	0.17929	0	0	0	0	0.2696	0	0	0	0	0	0	0	0	0	0	0	0	0.11015	0	0	0	0	0	0.12625	0	0
Padre	0	0	0	0	0	0.36508	0	0	0	0	0	0	0	0	0	0	0	0	0	0.22772	0.18678	0	0	0	0	0	0.1102	0	0	0	0	0	0	0	0	0	0	0	0	0	0	0	0	0	0.16184	0	0	0	0	0	0	0	0
Padre	0	0	0	0	0	0	0	0	0	0	0	0	0	0	0	0	0	0	0	0	0	0	0	0	0	0	0	0	0	0	0	0	0	0	0	0	0	0	0	0	0	0	0	0	0	0	0	0	0	0	0	0	0
Padre	0.19118	0.11079	0	0	0	0	0	0	0	0	0.26254	0	0	0.31959	0	0.45166	0	0	0	0	0	0	0	0	0	0	0	0	0	0	0	0	0.29708	0	0	0	0	0.17754	0	0	0.13551	0.23373	0.2498	0	0	0	0.4074	0	0	0	0	0	0
Padre	0	0	0	0	0.19496	0.48566	0	0	0	0	0	0	0	0.17226	0.2437	0	0	0	0	0.48	0.85661	0.13205	0.17019	0	0	0	0	0	0	0	0	0	0	0	0	0	0	0	0	0	0	0	0	0	0	0	0	0	0	0	0	0	0
Padre	0	0	0	0	0.41608	0.37369	0.31168	0	0	0	0	0	0.10536	0.1466	0.17028	0	0	0	0	0.33193	0.46646	0.21465	0.63115	0	0	0	0.30299	0	0	0	0	0.13513	0	0.11299	0.10203	0	0	0	0	0.20144	0	0	0	0	0.30639	0	0	0.12584	0.10059	0	0.14334	0	0
Padre	0	0	0	0	0	0	0	0	0	0	0	0	0	0.29364	0	0	0	0	0	0	0	0	0	0	0	0	0	0.24091	0	0	0.12877	0	0	0	0	0.77534	0	0	0	0	0	0	0	0	0	0	0	0	0	0	0	0	0
Padre	0	0	0	0	0.1488	0.38219	0	0	0	0	0	0	0.19412	0.24151	0.16446	0	0	0	0	0.26346	0.34315	0	0.20802	0	0	0	0.23668	0	0	0	0	0	0	0	0	0	0	0	0	0	0	0.13578	0	0	0.16237	0	0	0	0	0	0.17194	0	0
Padre	0	0	0	0	0	0	0	0	0	0	0.11951	0	0.14259	0.39247	0	0.15735	0	0	0	0	0	0	0	0.14741	0	0	0	0	0	0	0	0	0.22129	0	0	0.11223	0	0	0	0	0	0.25859	0.32957	0	0	0	0.15728	0	0	0.16552	0	0	0
Padre	0	0	0	0	0	0	0	0	0	0	0	0	0	0	0	0	0	0	0	0	0	0	0	0	0	0	0	0	0	0	0	0	0	0	0	0	0	0	0	0	0	0	0	0	0	0	0	0	0	0	0	0	0
Padre	0	0	0	0	0	0.31592	0	0	0	0	0	0	0	0.21593	0.2142	0	0	0	0	0.12498	0.34639	0	0	0.10117	0	0	0	0	0	0	0	0	0	0	0	0.10936	0	0	0	0	0	0.11125	0	0	0	0.12305	0	0	0	0	0	0	0
Padre	0	0	0	0.13838	0	0.22829	0	0	0	0	0	0	0	0	0	0	0	0	0	0	0	0	0	0	0	0	0	0	0	0	0	0	0	0	0	0	0	0	0	0	0	0	0	0	0	0.18366	0	0	0	0	0	0	0
Padre	0	0	0	0	0	0.195	0	0	0	0	0	0	0.1781	0.32971	0.1397	0	0	0	0	0	0.21829	0	0	0	0	0	0	0	0	0	0	0	0	0	0	0.38662	0	0	0	0	0	0	0	0	0	0	0	0	0	0	0	0	0
Padre	0	0	0	0	0	0	0.15564	0	0	0	0	0	0	0.11523	0	0	0	0	0.17108	0	0	0	0	0	0	0	0	0	0	0	0	0	0.82745	0	0	0	0	0.13092	0	0	0	0.18795	0.33514	0	0	0	0.14551	0	0	0	0	0	0
Padre	0	0	0	0.13838	0	0.22829	0	0	0	0	0	0	0	0	0	0	0	0	0	0	0	0	0	0	0	0	0	0	0	0	0	0	0	0	0	0	0	0	0	0	0	0	0	0	0	0.18366	0	0	0	0	0	0	0
Padre	0	0	0	0	0	0	0	0	0	0	0	0	0.22138	0.24115	0	0	0	0	0	0.47834	0.16119	0	0	0.12859	0	0	0	0	0	0	0	0	0	0	0	0.14563	0	0	0	0	0	0.15731	0	0	0	0	0	0	0.36484	0.10577	0	0	0
Padre	0	0	0	0	0	0	0	0	0	0	0	0	0	0.61229	0	0	0	0	0	0	0	0	0	0	0	0	0	0	0	0	0	0	0.14472	0	0	0.11918	0	0	0.23046	0	0	0.47722	0	0	0	0	0	0	0	0	0	0	0
Padre	0	0	0	0	0	0.12883	0	0	0	0	0	0	0	0	0.129	0.10453	0	0	0	0.12437	0.10007	0	0	0	0	0	0	0.1053	0	0	0	0	0.41139	0	0	0	0	0	0	0	0	0	0.41272	0	0	0	0.3134	0	0.14962	0.15157	0	0	0.12838
Padre	0	0	0	0	0	0.16043	0	0	0	0	0	0	0	0.63788	0	0	0	0	0	0.20801	0.31314	0	0	0.1022	0	0	0	0	0	0	0	0	0	0	0	0.12691	0	0	0	0	0	0.38461	0	0	0	0	0	0	0	0	0	0	0
Padre	0	0	0	0	0	0.12127	0	0	0	0	0	0.14681	0	0.52043	0	0	0	0	0.17174	0.11758	0.13293	0	0	0	0	0	0	0	0	0	0	0	0	0	0	0.17961	0	0	0	0	0	0.46148	0	0	0	0	0	0	0	0	0	0	0
Padre	0	0	0	0	0	0	0	0	0	0	0	0	0.24432	0.56542	0	0	0	0	0	0.12744	0.10093	0	0	0.10548	0	0	0	0	0	0	0	0	0	0	0	0.28335	0	0	0	0	0	0	0	0	0	0	0	0	0	0	0	0	0
Padre	0	0	0	0	0.1339	0.23047	0	0	0	0	0.11612	0	0	0	0.26272	0	0	0	0	0.16491	0.23564	0	0	0	0	0	0	0	0	0	0	0	0	0	0	0	0	0	0	0	0.11083	0	0	0	0	0	0	0	0	0	0	0	0.11291
Padre	0	0	0	0	0.10675	0.26151	0	0	0	0	0	0	0	0	0	0	0	0	0	0.87041	0.20693	0	0.25941	0	0	0	0	0	0	0	0	0	0	0	0	0	0	0	0	0.1515	0	0	0	0	0.5997	0	0	0	0.20276	0	0	0	0
Padre	0	0	0	0	0	0	0	0	0	0	0.10726	0.4041	0	0.54598	0	0	0	0	0.36813	0	0	0	0	0.1015	0	0	0	0.14273	0	0	0	0	0	0	0	0.23327	0	0	0	0	0	0.21061	0	0	0	0	0	0	0	0	0	0	0
Padre	0	0	0	0	0	0	0.49549	0	0	0	0.11842	0	0	0	0	0.11235	0	0	0	0	0	0	0	0.10547	0	0	0	0.10628	0	0	0	0.12106	0	0	0	0	0	0	0	0	0	0.11326	0.31915	0	0	0	0.10678	0	0	0	0.12894	0	0
Padre	0.10406	0	0	0.15444	0	0.18304	0	0	0	0	0	0	0	0	0.10555	0	0	0	0	0	0	0	0	0	0	0	0	0	0	0	0	0	0	0	0	0	0	0	0	0	0	0	0	0	0	0.22559	0	0	0	0	0	0	0
Padre	0.10406	0	0	0.15444	0	0.18304	0	0	0	0	0	0	0	0	0.10555	0	0	0	0	0	0	0	0	0	0	0	0	0	0	0	0	0	0	0	0	0	0	0	0	0	0	0	0	0	0	0.22559	0	0	0	0	0	0	0
Padre	0	0	0	0	0.13873	0.15145	0.15712	0	0	0	0	0	0.16947	0.15474	0.11399	0	0	0	0	0.60571	0.30965	0.16563	0.522	0	0	0	0.32753	0	0	0	0	0	0	0	0	0	0	0	0	0.32546	0	0.13277	0	0	0.72036	0	0	0.22871	0.21063	0	0.12519	0	0
Padre	0	0	0	0	0.39762	0.64585	0	0	0	0	0	0	0.10065	0	0.26159	0	0	0	0	0.44444	0.7271	0.16338	0.13093	0.11091	0	0	0	0	0	0	0	0	0	0	0	0	0	0	0	0	0	0	0	0	0	0	0	0	0.27551	0	0	0	0
Padre	0	0	0	0	0	0	0	0	0	0	0	0	0	0	0	0.10961	0	0	0.28064	0	0	0	0	0	0	0	0	0.10815	0	0	0	0	0	0	0	0	0	0	0	0	0.14539	0	0	0	0	0	0.21491	0	0	0	0	0	0.16494
Padre	0	0	0	0	0	0.16139	0.21299	0	0	0	0	0	0	0.28697	0	0	0	0	0	0.53989	0.28752	0	0.40407	0.13451	0	0	0.14144	0	0	0	0	0	0	0	0	0	0	0	0	0.1164	0	0.23849	0	0	0.52458	0	0	0.11329	0.11655	0	0	0	0
Padre	0	0	0	0	0	0	0	0	0	0	0	0	0	0	0	0	0	0	0	0	0	0	0	0	0	0	0	0	0	0	0	0	0	0	0	0	0	0	0	0	0	0	0	0	0	0	0	0	0	0	0	0	0
Padre	0	0	0	0.1001	0	0.11834	0	0	0	0	0	0	0.4635	0.17972	0	0	0	0	0	0	0.10569	0	0	0	0	0	0	0	0	0	0	0	0	0	0	0.29704	0	0	0	0	0	0	0	0	0	0.11536	0	0	0.14639	0	0	0	0
Padre	0	0	0	0	0	0.13362	0.30475	0	0	0	0	0	0	0	0	0	0	0	0	0	0	0	0.14728	0	0	0	0	0.15602	0	0	0.20406	0	0	0	0	0	0	0	0	0	0	0	0	0	0	0	0	0	0	0	0	0	0
Padre	0	0	0	0	0	0.18552	0	0	0	0	0	0.16189	0.36248	0.20754	0.12619	0	0	0	0.10142	0	0	0	0	0	0	0	0	0	0	0	0	0	0	0	0	0.1406	0	0	0	0	0	0	0	0	0	0	0	0	0	0	0	0	0.10465
Padre	0.18132	0	0	0	0	0	0	0	0	0	0	0.19922	0	0.34782	0	0.10155	0	0	0.22863	0	0	0	0	0	0	0	0	0.19246	0	0	0	0	0.22738	0	0	0.15305	0	0	0	0	0	0.17768	0	0	0	0	0.18822	0	0	0	0	0	0
Padre	0	0	0	0	0	0	0	0	0	0	0.15307	0	0	0.32822	0	0	0	0	0	0	0	0	0	0	0	0	0	0	0	0	0	0	0	0	0	0.86727	0	0	0	0	0	0	0	0	0	0	0	0	0	0	0	0	0
Padre	0	0	0	0	0.6278	0.40446	0.13983	0	0	0	0	0	0.16639	0.14159	0.40961	0	0	0	0	0.49769	0.59578	0.40834	0.43167	0.11249	0	0	0.1586	0	0	0	0	0	0	0	0.13311	0	0	0	0	0.22973	0	0.12761	0	0	0.19815	0	0	0.12239	0.24277	0	0	0	0
Padre	0	0	0	0	0	0.23722	0.17527	0	0	0	0	0	0.29156	0.34026	0	0	0	0	0	0.21974	0.1595	0	0.16868	0.4187	0	0	0	0	0	0	0	0	0	0	0	0	0	0	0	0	0	0.19747	0	0	0	0	0	0	0.14253	0	0	0	0
Padre	0	0	0	0	0.16377	0.21982	0.23394	0	0.11003	0	0	0	0.35555	0	0	0	0	0	0	0	0	0	0.2623	0	0	0	0	0	0	0	0	0	0	0	0	0	0	0	0	0	0	0	0	0	0	0	0	0	0	0	0	0	0
Padre	0	0	0	0	0	0.1628	0.11065	0	0	0	0	0	0.20187	0.20244	0	0	0	0	0	0.16599	0.1131	0	0.22582	0	0	0	0	0	0	0	0	0	0	0	0	0	0	0	0	0	0	0.10521	0	0	0.15927	0	0	0	0	0	0	0	0
Padre	0	0	0	0	0	0	0	0.10001	0	0	0	0	0	0	0	0	0	0	0	0	0	0	0	0	0	0	0	0	0	0	0	0	0.13101	0	0	0	0	0	0	0	0	0.23624	0.26829	0	0	0	0	0	0.44731	0.59414	0	0	0
Padre	0	0	0	0	0	0.37814	0	0	0	0	0	0	0	0.13125	0	0	0	0	0	0.18097	0.21329	0	0	0	0	0	0	0	0	0	0	0	0	0	0	0	0	0	0	0	0	0	0	0	0	0	0	0	0	0	0	0	0
Padre	0.24708	0.23319	0	0	0	0	0	0	0	0	0	0	0	0.23136	0	0.19258	0	0	0.12243	0	0	0	0	0	0	0	0	0.17465	0	0	0	0	0	0	0	0	0	0.29035	0	0	0.20273	0.32504	0	0	0	0	0.23963	0	0	0	0	0	0
Padre	0	0	0	0	0.26791	0.18508	0.11959	0	0	0	0	0	0	0.36662	0.17001	0	0	0	0.17029	0.32071	0.29096	0	0.35847	0	0	0	0.20922	0	0	0	0	0	0	0.11753	0	0	0	0	0	0.18705	0	0.21794	0	0	0.31049	0	0	0.10194	0	0	0.10706	0	0
Padre	0	0	0	0	0.41543	0.50247	0	0	0	0	0	0	0	0.16447	0.31942	0	0	0	0	0.23829	0.43071	0.15398	0.21927	0	0	0	0	0	0	0	0	0	0	0	0	0	0	0	0	0	0	0.1054	0	0	0.10329	0	0	0	0	0	0	0	0
Padre	0	0	0	0	0	0.15835	0	0	0	0	0	0	0	0	0	0	0	0	0	0.11255	0.13819	0	0	0	0	0	0	0	0	0	0	0	0	0	0	0	0	0	0	0	0	0	0	0	0	0.10663	0	0	0	0	0	0	0
Padre	0.10559	0	0	0	0	0	0	0.12006	0	0	0	0	0	0.15532	0	0.14803	0	0	0	0	0	0	0	0	0	0	0	0.11773	0	0	0.10053	0	0.60406	0	0	0	0	0	0	0	0	0.3556	0.60759	0	0	0	0.2671	0	0	0.41177	0	0	0.10957
Padre	0	0	0	0	0.13082	0.13655	0.69555	0	0	0	0	0	0.16263	0.19169	0	0	0	0	0	0.19083	0	0	0.54399	0.24931	0	0	0	0	0	0	0	0.56889	0	0	0	0	0	0	0	0.11311	0	0.19341	0	0	0.10053	0	0	0	0	0	0	0	0
Profesor	0	0	0	0	0	0	0.56608	0	0.23953	0	0	0	0.30035	0.15893	0	0	0	0	0	0	0	0	0.14063	0.24035	0	0	0	0	0	0	0	0.20953	0	0	0	0	0	0	0	0	0	0	0	0	0	0	0	0	0	0	0	0	0
Profesor	0	0	0	0	0	0	0	0	0	0	0	0	0	0	0	0	0	0	0	0	0	0	0	0	0	0	0	0	0	0	0	0	0	0	0	0	0	0	0	0	0	0	0	0	0	0	0	0	0	0	0	0	0
Profesor	0	0	0	0	0.25874	0.26086	0	0	0	0	0	0	0	0.25739	0.23921	0	0	0	0	0.48277	0.42083	0.22428	0.37808	0	0	0	0	0	0	0	0	0	0	0	0	0	0	0	0	0.16728	0	0.1761	0	0	0.57215	0	0	0.13487	0	0	0	0	0
Profesor	0	0	0	0	0.14199	0	0	0	0	0	0	0	0	0	0	0	0	0	0	0.36209	0	0	0	0	0	0	0	0	0	0	0	0	0	0	0	0	0	0	0	0	0	0	0	0	0.13552	0	0	0	0.1081	0	0	0	0.17814
Profesor	0	0	0	0	0	0	0	0	0	0	0.2581	0.58979	0	0.20924	0	0	0	0	0.70594	0	0	0	0	0	0	0	0	0.17367	0	0	0	0	0	0	0	0.14549	0	0	0	0	0	0.1221	0	0	0	0	0.15394	0	0	0	0	0	0
Profesor	0	0	0	0	0	0.12346	0.20576	0	0	0	0	0	0.34514	0.26864	0	0	0	0	0	0.26092	0.20643	0	0.11073	0.43574	0	0	0	0	0	0	0	0	0	0	0	0	0	0	0	0	0	0.15846	0	0	0	0	0	0	0.19909	0	0	0	0
Profesor	0	0	0	0.11401	0	0	0	0	0.18066	0	0	0	0.40053	0.27261	0	0	0	0	0	0	0	0	0	0	0	0	0	0	0	0	0	0	0	0	0	0.4634	0	0	0.13151	0	0	0	0	0	0	0	0	0	0	0.12611	0	0	0
Profesor	0	0	0	0	0	0	0.65083	0	0	0	0	0	0	0.18042	0	0	0	0	0	0	0	0	0.27896	0.15847	0	0	0	0	0	0	0	0.66025	0	0	0	0	0	0	0	0	0	0.15919	0	0	0	0	0	0	0	0	0	0	0
Profesor	0	0	0	0	0.2853	0.12118	0.1962	0	0	0	0	0	0	0	0	0	0	0	0	0.15398	0	0	0.46544	0	0	0	0.32169	0.12117	0	0	0	0	0.11298	0	0	0	0	0	0	0.25165	0	0	0	0	0.6467	0	0	0	0	0	0.13036	0	0
Profesor	0	0	0	0	0	0	0	0	0	0	0.15797	0.13349	0	0.34657	0	0.11895	0	0	0.1862	0	0	0	0	0	0	0	0	0.15457	0	0	0	0	0	0	0	0.26264	0	0	0	0	0	0.23673	0	0	0	0	0.19314	0	0	0	0	0	0
Profesor	0.13077	0	0	0	0	0	0	0	0	0	0	0	0	0.36251	0	0.26214	0	0	0	0	0	0	0	0	0	0	0	0.26688	0	0	0	0	0.26489	0	0	0.13352	0.14318	0	0.11463	0	0.11155	0.48736	0.27341	0	0	0	0.60789	0	0	0.37205	0	0	0.27282
Profesor	0	0	0	0	0	0	0.55668	0	0	0	0	0	0.58747	0	0	0	0	0	0	0	0	0	0.36378	0.21477	0	0	0	0	0	0	0	0.30858	0	0	0	0	0	0	0	0	0	0	0	0	0	0	0	0	0.16905	0	0	0	0
Profesor	0	0	0	0	0	0	0	0	0	0	0	0	0	0.54602	0	0	0	0	0.22653	0.15994	0	0	0	0.20242	0	0	0	0.22987	0	0	0	0	0	0	0	0.14674	0	0	0	0	0	0.24496	0	0	0	0	0	0	0	0	0	0	0
Profesor	0	0	0	0	0	0	0	0	0	0	0.60055	0	0	0.40446	0	0.21176	0	0	0	0	0	0	0	0	0	0	0.14065	0	0	0	0	0	0	0	0	0	0	0	0	0	0	0.14422	0.23893	0	0	0	0.11962	0	0	0	0.12826	0	0
Profesor	0	0	0	0	0	0	0.17575	0	0	0	0	0.25656	0	0.37492	0	0	0	0	0.43065	0	0	0	0	0.27885	0	0	0	0.19649	0	0	0	0	0	0	0	0.15541	0	0	0	0	0	0.15277	0	0	0	0	0.11594	0	0	0	0	0	0
Profesor	0	0	0	0	0	0	0.4087	0	0	0	0	0	0.15614	0.10553	0	0	0	0	0	0.15981	0	0	0.5555	0.13548	0	0	0.15051	0	0	0	0	0.14281	0	0	0	0	0	0	0	0.26645	0	0	0	0	0.82401	0	0	0.11822	0	0	0	0	0
Profesor	0	0	0	0	0	0.12637	0	0	0	0	0	0	0	0.3296	0.17272	0.11532	0	0	0	0.2625	0.18898	0	0	0	0	0	0	0	0	0	0	0	0.10143	0	0	0	0	0	0	0	0	0.22717	0.19158	0	0	0	0.22131	0	0	0	0	0	0
Profesor	0	0	0	0	0	0	0	0	0	0	0.15091	0.27331	0	0.25274	0	0.10427	0	0	0.14331	0	0	0	0	0	0	0	0	0	0	0	0	0	0.11393	0	0	0.15169	0	0	0	0	0	0.26328	0.3251	0	0	0	0.32428	0	0	0	0	0	0.18872
Profesor	0	0	0	0	0	0.19148	0	0	0	0	0.10014	0	0	0.21983	0.10848	0	0	0	0	0	0.13133	0	0	0	0	0	0	0	0	0	0	0	0	0	0	0.13161	0	0	0	0	0	0.15139	0	0	0	0	0	0	0	0	0	0	0
Profesor	0	0	0	0	0.10129	0.278	0	0	0	0	0	0	0	0.19142	0.19409	0	0	0	0.28995	0.12067	0.22766	0	0	0	0	0	0	0.17428	0	0	0	0	0	0	0	0.11275	0	0	0	0	0	0	0	0	0	0	0	0	0	0	0	0	0
Profesor	0	0	0	0	0	0.15693	0.71661	0	0.10274	0	0	0	0.38502	0	0	0	0	0	0	0.16264	0	0	0.50633	0.25294	0	0	0	0	0	0	0	0.24131	0	0	0	0	0	0	0	0	0	0	0	0	0	0	0	0	0	0	0	0	0
Profesor	0	0	0	0	0	0	0	0	0	0	0.19052	0.19422	0	0.34928	0	0.16832	0	0	0.31703	0	0	0	0	0	0	0	0	0.33658	0	0	0	0	0	0	0	0.30298	0	0	0	0	0.19533	0.16527	0	0	0	0	0.36796	0	0	0	0	0	0.21372
Profesor	0	0	0	0	0.45151	0.28549	0	0	0	0	0	0	0.1615	0.25743	0.30147	0	0	0	0	0.21315	0.45124	0.25901	0.20449	0	0	0	0	0	0	0	0	0	0	0	0	0	0	0	0	0	0	0	0	0	0	0	0	0	0	0	0	0	0
Profesor	0	0	0	0	0.16392	0.41775	0.35086	0	0	0	0	0	0	0.1496	0.10932	0	0	0	0	0.22239	0.28905	0	0.33583	0.122	0	0	0	0	0	0	0	0.15964	0	0	0	0	0	0	0	0	0	0	0	0	0	0	0	0	0	0	0	0	0
Profesor	0	0	0	0	0	0.27147	0	0	0	0	0	0	0.11211	0.28939	0.15119	0	0	0	0	0.38734	0.35407	0.11717	0	0.10082	0	0	0	0	0	0	0	0	0	0	0	0	0	0	0	0	0	0.47616	0	0	0	0	0	0	0.40756	0	0	0	0
Profesor	0	0	0	0	0	0.14554	0	0	0	0	0	0.11122	0	0.29074	0	0	0	0	0.16888	0	0.14897	0	0.10725	0	0	0	0.14347	0	0	0	0	0	0	0	0	0.2422	0	0	0	0	0	0.14124	0	0	0	0	0	0	0	0	0.18383	0	0
Profesor	0	0	0	0	0	0.12648	0	0	0	0	0	0	0	0.53227	0	0	0	0	0	0.15502	0.20721	0	0	0	0	0	0.24505	0	0	0	0	0	0	0	0	0	0	0	0	0	0	0.30439	0	0	0.15536	0	0	0	0	0	0.19149	0	0
Profesor	0	0	0	0	0	0.15847	0.2995	0	0	0	0	0.10359	0.12442	0.45215	0	0	0	0	0.10278	0.11171	0.10112	0	0.22864	0	0	0	0	0	0	0	0	0	0	0.13527	0	0	0	0	0	0	0	0.15585	0	0	0	0	0	0	0	0	0	0	0
Profesor	0	0	0	0	0	0.23214	0	0	0.19195	0	0	0	0.12426	0	0.1163	0	0	0	0.1083	0	0	0	0	0	0	0	0	0.12956	0	0	0	0	0	0	0	0	0	0	0	0	0	0	0	0	0	0.27156	0	0	0	0	0	0	0
Profesor	0	0	0	0	0.28481	0.488	0	0	0	0	0	0	0	0	0.35241	0	0	0	0	0.24757	0.53911	0.2894	0.1939	0	0	0	0	0	0	0	0	0	0	0	0	0	0	0	0	0	0	0	0	0	0.11255	0.18132	0	0	0.11907	0	0	0	0
Profesor	0	0	0	0	0	0	0	0	0	0	0.13425	0.18839	0	0.23585	0	0	0	0	0.169	0	0.11806	0	0	0	0	0	0	0.23453	0	0	0	0	0	0	0	0.27736	0	0	0	0	0	0	0	0	0	0	0.13586	0	0	0	0	0	0
Profesor	0	0	0	0	0	0	0.15055	0	0	0	0	0	0.12088	0.20516	0	0	0	0	0	0	0	0	0	0	0	0	0	0	0	0	0	0	0.3281	0	0	0	0	0	0	0	0	0.2125	0.35466	0	0	0	0.19245	0	0	0	0	0	0
Profesor	0.16831	0	0	0	0	0	0	0	0	0	0	0.12348	0	0.35131	0	0	0	0	0.14977	0	0	0	0	0	0	0	0	0.26295	0	0	0	0	0	0	0	0.48537	0	0	0	0	0	0.22119	0	0	0	0	0.15935	0	0	0	0	0	0
Profesor	0	0	0	0	0	0	0	0	0	0	0	0	0	0.15833	0	0	0	0	0	0.39889	0	0	0.12805	0	0	0	0.18861	0	0	0	0	0	0	0	0	0.11603	0	0	0	0	0	0	0	0	0.31062	0	0	0	0.12388	0	0.13141	0	0
Profesor	0.12451	0	0	0	0	0	0	0	0	0	0.24377	0	0	0.11364	0	0	0	0	0	0	0	0	0	0	0	0	0	0	0	0	0	0	0	0	0	0.12668	0	0	0	0	0	0	0	0	0	0	0	0	0	0	0	0	0
Profesor	0	0	0	0	0	0	0.10617	0	0	0	0	0	0	0.20446	0	0	0	0	0	0.22018	0.22762	0	0.2159	0	0	0	0.26275	0	0	0	0	0	0	0	0.10137	0.12749	0	0	0	0	0	0.26114	0	0	0.11862	0	0	0	0.43587	0	0.17271	0	0
Profesor	0	0	0	0	0	0	0	0	0	0	0	0.15812	0	0.52369	0	0	0	0	0.11994	0	0	0	0	0	0	0	0.27203	0	0	0	0	0	0	0	0	0.50919	0	0	0	0	0	0.18082	0	0	0	0	0	0	0	0	0.18121	0	0
Profesor	0	0	0	0	0	0	0	0	0	0	0	0.10189	0.31485	0.27299	0	0.15757	0	0	0	0	0	0	0	0	0	0	0	0.17217	0	0	0	0	0	0	0	0.25146	0	0	0	0	0	0	0.14228	0	0	0	0.40949	0	0	0.15128	0	0	0.15357
Profesor	0.19825	0	0	0	0	0.14349	0	0	0	0	0	0	0	0.23318	0	0	0	0	0	0.16285	0.20974	0	0	0	0	0	0	0	0	0	0	0	0.23313	0	0	0.1304	0	0	0	0	0	0.12574	0	0	0	0	0.11172	0	0	0	0	0	0
Profesor	0.1421	0	0	0	0	0	0.12231	0	0	0	0.24263	0	0	0.23039	0	0.2164	0	0	0	0	0	0	0	0	0	0	0	0.11271	0	0	0	0	0.18884	0	0	0.14967	0	0	0	0	0	0	0.34035	0	0	0	0.2897	0	0	0	0	0	0
Profesor	0	0	0	0	0.73569	0.24533	0	0	0	0	0	0	0	0.14887	0.32507	0	0	0	0	0.22254	0.4619	0.29441	0.29067	0	0	0	0.11133	0	0	0	0	0	0	0	0.20836	0	0	0	0	0.16806	0	0.15181	0	0	0	0	0	0	0.13205	0	0	0	0
Profesor	0	0	0	0	0	0	0.54653	0	0	0	0	0	0	0.24002	0	0	0	0	0.10656	0.14542	0	0	0.30826	0.15199	0	0	0	0	0	0	0	0.41743	0	0	0	0	0	0	0	0	0	0.26954	0.13879	0	0.13884	0	0	0	0	0	0	0	0
Profesor	0	0	0	0	0	0.11037	0.40427	0	0	0	0	0	0.47549	0.31958	0	0	0	0	0	0.31885	0.12085	0	0.49102	0.47491	0	0	0	0	0	0	0	0.19858	0	0	0	0	0	0	0	0.15508	0	0.1485	0	0	0.25926	0	0	0.14575	0	0	0	0	0
Profesor	0	0	0	0	0	0.17166	0	0	0	0	0	0	0.36312	0.43301	0	0	0	0	0	0.23528	0.22459	0	0	0.31966	0	0	0	0	0	0	0	0	0	0	0	0.13372	0	0	0	0	0	0.189	0	0	0	0	0	0	0.1286	0	0	0	0
Profesor	0	0	0	0	0	0	0	0	0	0	0.10302	0	0.10896	0.34355	0	0.20106	0	0	0.10612	0	0	0	0	0	0	0	0	0	0	0	0	0	0.12417	0	0	0	0	0	0	0	0	0.40443	0.26117	0	0	0	0.34395	0	0	0.16736	0	0	0.14231
Profesor	0.1767	0	0	0	0	0	0	0	0	0	0.18691	0	0	0.13052	0	0.46356	0	0	0	0	0	0	0	0	0	0	0	0	0	0	0	0	0.15781	0	0	0	0	0	0	0	0	0	0.44518	0	0	0	0.59595	0	0	0.14897	0	0	0
Profesor	0	0	0	0	0	0.31191	0	0	0	0	0	0	0	0.17593	0	0	0	0	0	0.19505	0.17272	0	0	0	0	0	0	0	0	0	0	0	0	0	0	0.19193	0	0	0	0	0	0	0	0	0	0	0	0	0	0	0	0	0
Profesor	0.10147	0	0	0	0	0	0	0	0	0	0.13399	0	0	0	0	0.40085	0	0	0.20613	0	0	0	0	0	0	0	0	0.60113	0	0	0.2881	0	0.4314	0	0	0.13753	0.1734	0	0	0	0.19231	0	0.19334	0	0	0	0.59646	0	0	0	0	0	0.20641
Profesor	0	0	0	0	0.74444	0.65254	0	0	0	0	0	0	0	0	0.4482	0	0	0	0	0.24725	0.68839	0.38997	0	0	0	0	0	0	0	0	0	0	0	0	0	0	0	0	0	0	0	0	0	0	0	0	0	0	0.25091	0	0	0	0
Profesor	0	0	0	0	0	0	0.11114	0	0	0	0.53448	0.20718	0	0.50419	0	0.21403	0	0	0.12926	0	0	0	0	0	0	0	0	0	0	0	0	0	0.11536	0	0	0.16449	0	0	0	0	0	0	0	0	0	0	0.14927	0	0	0	0	0	0
Profesor	0	0	0	0	0	0	0	0	0	0	0	0.15248	0	0.12807	0	0	0	0	0.44745	0	0	0	0	0	0	0	0	0.60171	0	0	0.16256	0	0.31535	0	0	0.34389	0	0	0	0	0.11597	0.10928	0	0	0	0	0.22597	0	0	0	0	0	0.10346
Profesor	0	0	0	0	0	0.37236	0	0	0	0	0	0	0.14085	0.18677	0.30813	0	0	0	0	0.13585	0.45018	0	0	0.17953	0	0	0	0	0	0	0	0	0	0	0	0.10032	0	0	0	0	0	0	0	0	0	0.28404	0	0	0.12642	0	0	0	0
Profesor	0	0	0	0	0	0	0	0	0.10311	0.12126	0	0	0.24191	0.34046	0	0	0	0	0	0	0	0	0	0.10333	0	0	0	0	0	0	0	0	0	0	0	0.28807	0	0	0	0	0	0.23826	0	0	0	0	0	0	0	0	0	0	0
Profesor	0.28213	0.10414	0	0	0	0	0	0	0	0	0	0	0	0	0	0.17604	0	0	0	0	0	0	0	0	0	0	0	0.12596	0	0	0	0	0.76782	0	0	0	0.12698	0	0	0	0	0	0.11477	0	0	0	0.37675	0	0	0	0	0	0
Profesor	0	0	0	0	0	0.34747	0	0	0	0	0	0	0.1285	0.12086	0	0	0	0	0	0.31814	0.14995	0	0	0	0	0	0	0	0	0	0	0	0.12058	0	0	0.13116	0	0	0	0	0	0.20398	0	0	0	0	0	0	0.11693	0	0	0	0
Profesor	0	0	0	0	0	0.19711	0	0	0	0	0	0	0.18079	0	0.1655	0	0	0	0	0	0.18005	0	0	0	0	0	0	0	0	0	0	0	0	0	0	0	0	0	0	0	0	0	0	0	0	0.12123	0	0	0	0	0	0	0
Profesor	0	0	0	0	0	0.26724	0.12443	0	0.18721	0	0	0	0	0.17729	0.12776	0	0	0	0.12398	0.29111	0.24665	0	0.11235	0.12781	0	0.13109	0	0	0	0	0	0	0.17553	0	0	0	0	0	0	0	0	0.18203	0.1683	0	0	0	0.10415	0.1049	0	0	0	0	0
Profesor	0	0	0	0	0.17686	0.38724	0	0	0.10556	0	0	0	0.14274	0	0.10151	0	0	0	0	0	0	0	0	0	0	0	0	0	0	0	0	0	0	0	0	0	0	0	0	0	0	0	0	0	0	0.11576	0	0	0	0	0	0	0
Profesor	0	0	0	0	0	0	0	0	0	0	0	0	0.18963	0.51977	0	0	0	0	0	0	0	0	0	0	0	0	0	0	0	0	0	0	0	0	0	0.49998	0	0	0	0	0	0	0	0	0	0	0	0	0	0	0	0	0
Profesor	0	0	0	0	0	0.28807	0	0	0	0	0	0.20643	0.17506	0.11701	0	0	0	0	0	0.30956	0.20928	0	0	0	0	0	0	0	0	0	0	0	0	0	0	0.11084	0	0	0	0	0	0.12292	0	0	0	0	0	0	0.11946	0	0	0	0
Profesor	0	0	0	0	0.18074	0.22446	0	0	0	0	0	0.23943	0.10934	0.2691	0.14932	0	0	0	0	0.15511	0.34746	0.12754	0.12759	0	0	0	0	0	0	0	0	0	0	0	0	0.2182	0	0	0	0	0	0.12848	0	0	0	0	0	0	0	0	0	0	0
Profesor	0	0	0	0	0	0	0.55224	0	0	0	0	0	0.15675	0	0	0	0	0	0	0.20313	0	0	0.58169	0.12912	0	0	0	0	0	0	0	0.64979	0	0	0.17711	0	0	0	0	0	0	0	0	0	0	0	0	0	0.3393	0	0	0	0
Profesor	0	0	0	0	0.24385	0.2831	0	0	0	0	0	0	0	0	0.25539	0	0	0	0	0.12998	0.37329	0.15157	0.12839	0	0	0	0	0	0	0	0	0	0	0	0	0	0	0	0	0	0	0	0	0	0	0	0	0	0	0	0	0	0
Profesor	0	0	0	0	0.40002	0.54542	0	0	0	0	0	0.1283	0	0.16395	0.27427	0	0	0	0.30676	0.14858	0.58999	0.13224	0.13718	0	0	0	0	0	0	0	0	0	0	0	0	0	0	0	0	0	0	0	0	0	0	0	0	0	0	0	0	0	0
Profesor	0.11043	0	0	0	0	0	0	0	0	0	0.18519	0	0	0.47764	0	0.17485	0	0	0	0	0	0	0	0	0	0	0.19057	0.17184	0	0	0	0	0	0	0	0.26861	0	0.18708	0	0	0	0.46145	0	0	0	0	0.20061	0	0	0	0.15258	0	0
Profesor	0	0	0	0	0	0	0	0	0	0	0	0	0	0	0	0	0	0	0	0	0	0	0	0	0	0	0	0	0	0	0	0	0	0	0	0	0	0	0	0	0	0	0	0	0	0	0	0	0	0	0	0	0
Profesor	0	0	0	0	0	0.12727	0	0	0	0	0	0.34807	0	0.1836	0	0	0	0	0.60757	0	0.10905	0	0	0	0	0	0	0.2211	0	0	0	0	0	0	0	0.25983	0	0	0	0	0	0.11716	0	0	0	0	0	0	0	0	0	0	0
Profesor	0	0	0	0	0	0.18934	0	0	0	0	0	0	0	0.18554	0	0	0	0	0	0.13673	0.16539	0	0	0	0	0	0	0	0	0	0	0	0	0	0	0	0	0	0.23662	0	0	0.10502	0	0	0	0	0.14224	0	0	0	0	0	0
Profesor	0.28213	0.10414	0	0	0	0	0	0	0	0	0	0	0	0	0	0.17604	0	0	0	0	0	0	0	0	0	0	0	0.12596	0	0	0	0	0.76782	0	0	0	0.12698	0	0	0	0	0	0.11477	0	0	0	0.37675	0	0	0	0	0	0
Profesor	0	0	0	0.13838	0	0.22829	0	0	0	0	0	0	0	0	0	0	0	0	0	0	0	0	0	0	0	0	0	0	0	0	0	0	0	0	0	0	0	0	0	0	0	0	0	0	0	0.18366	0	0	0	0	0	0	0
Profesor	0	0	0	0	0	0	0	0	0	0	0.3109	0.24794	0	0.27625	0	0.17943	0	0	0.10469	0	0.10941	0	0	0	0	0	0	0	0	0	0	0	0	0	0	0.21639	0	0	0	0	0	0.12851	0	0	0	0	0.25155	0	0	0	0	0	0
Profesor	0	0	0	0	0.27683	0.31976	0	0	0	0	0	0	0	0.16809	0.19167	0	0	0	0.15317	0	0.29178	0	0	0	0	0	0	0	0	0	0	0	0	0	0	0.12241	0	0	0	0	0	0.20955	0	0	0	0	0	0	0	0	0	0	0
Profesor	0	0	0	0	0.14087	0.18091	0	0	0	0	0	0	0	0.34049	0.15456	0	0	0	0.25011	0.12595	0.19097	0	0	0	0	0	0.20658	0	0	0	0	0	0	0	0	0.10008	0	0	0	0	0	0.1449	0	0	0	0	0	0	0	0	0.20206	0	0
Profesor	0	0	0	0	0	0.18362	0	0	0	0	0	0.24439	0	0.2857	0	0	0	0	0.21029	0	0.22435	0	0	0	0	0	0	0	0	0	0	0	0	0	0	0.11614	0	0	0	0	0	0.15305	0	0	0	0	0	0	0	0	0	0	0
Profesor	0	0	0	0	0	0.16182	0	0	0	0	0	0	0.38163	0	0	0	0	0.14247	0.25281	0	0	0	0	0	0	0	0	0.12932	0	0	0	0	0	0	0	0.10913	0	0	0	0	0	0	0	0	0	0	0	0	0	0	0	0	0
Profesor	0	0	0	0	0	0.23934	0	0	0	0	0.1008	0	0	0.42673	0.10839	0	0	0	0	0.22591	0.28094	0	0.1023	0.15604	0	0	0	0	0	0	0	0	0	0	0	0	0	0	0	0	0	0.28116	0	0	0	0	0	0	0	0	0	0	0
Profesor	0.15591	0.12	0	0	0	0	0	0	0	0	0.11708	0	0	0.3117	0	0.38518	0	0	0.25553	0	0	0	0	0	0	0	0	0.44678	0	0	0.12995	0	0.27388	0	0	0.10994	0.22117	0.11634	0	0	0.30911	0.25904	0	0	0	0	0.51622	0	0	0	0	0	0.21396
Profesor	0.15336	0	0.1369	0	0	0	0	0.10078	0	0	0	0	0	0.42179	0	0.1505	0	0	0	0	0	0	0	0	0	0	0	0.24727	0	0	0	0	0.17961	0	0	0.17124	0	0	0.22899	0	0	0.39278	0	0	0	0	0.29382	0	0	0	0	0	0.11397
Profesor	0	0	0	0	0	0	0	0	0	0	0	0	0	0.47258	0	0	0	0	0	0.20019	0.10938	0	0	0	0	0	0.16664	0	0	0	0	0	0	0	0	0.20377	0	0	0	0	0	0.31873	0	0	0.10864	0	0	0	0	0	0	0	0
Profesor	0	0	0	0	0	0	0	0	0	0	0	0	0	0	0	0	0	0	0	0	0	0	0	0	0	0	0	0	0	0	0	0	0	0	0	0	0	0	0	0	0	0	0	0	0	0	0	0	0	0	0	0	0
Profesor	0	0	0	0	0	0	0	0	0	0	0	0	0	0.4987	0	0	0	0	0	0.15495	0	0	0	0	0	0	0.11278	0	0	0	0	0	0	0	0	0	0	0.2069	0.24896	0	0	0.41228	0	0	0.27096	0	0	0	0	0	0	0	0
Profesor	0	0	0	0	0.13985	0.54982	0	0	0	0	0	0	0.30652	0.1034	0.10053	0	0	0	0	0.26464	0.31072	0	0	0	0	0	0	0	0	0	0	0	0	0	0	0	0	0	0	0	0	0	0	0	0	0	0	0	0.30089	0	0	0	0
Profesor	0	0	0	0	0	0	0.24432	0	0	0	0	0	0.17433	0.43307	0	0	0	0	0	0.25488	0	0	0	0.54571	0	0	0	0	0	0	0	0	0	0	0	0	0	0	0	0	0	0.27442	0	0	0	0	0	0	0	0	0	0	0
Profesor	0	0	0	0	0	0	0.38662	0	0	0	0	0	0.14637	0.21802	0	0	0	0	0	0.18603	0	0	0.43679	0	0	0	0.13751	0	0	0	0	0.19107	0	0	0	0	0	0	0	0.11277	0	0.10986	0	0	0.18619	0	0	0	0.1081	0	0	0	0
Profesor	0	0	0	0	0	0	0	0	0	0	0.13406	0.2424	0	0.3101	0	0	0	0	0.37978	0	0	0	0	0	0	0	0	0.44206	0	0	0.1271	0	0	0	0	0.45148	0	0	0	0	0	0.11368	0	0	0	0	0.14137	0	0	0	0	0	0
Profesor	0	0	0	0	0	0.26068	0	0	0	0	0	0	0.32701	0	0.12534	0	0	0	0	0	0.1243	0	0	0.17774	0	0	0	0	0	0	0	0	0	0	0	0.15493	0	0	0	0	0	0	0	0	0	0.39831	0	0	0.14113	0	0	0	0
Profesor	0	0	0	0	0.94814	0.55664	0	0	0	0	0	0	0.15161	0	0.39354	0	0	0	0	0.25654	0.44096	0.2789	0.23444	0	0	0	0	0	0	0	0	0	0	0	0.10409	0	0	0	0	0	0	0	0	0	0	0	0	0	0.38024	0	0	0	0
Profesor	0.17782	0	0	0	0	0.12985	0	0	0	0	0	0	0	0.12431	0.10893	0	0	0	0	0	0.10761	0	0	0	0	0	0	0.10625	0	0	0	0	0.11876	0	0	0.12382	0	0	0	0	0	0	0.22941	0	0	0	0.32579	0	0	0.16715	0	0	0.117
Profesor	0	0	0	0	0	0	0	0	0	0	0.132	0.30848	0	0.28165	0	0	0	0	0	0	0	0	0	0	0	0	0	0	0	0	0	0	0	0	0	0.23395	0	0	0	0	0	0	0	0	0	0	0.13009	0	0	0	0	0	0
Profesor	0	0	0	0	0	0.14015	0	0	0	0	0.14051	0.16391	0	0.34699	0	0	0	0	0.1477	0.11805	0.13358	0	0	0	0	0	0.12943	0	0	0	0	0	0	0	0	0.35461	0	0	0	0	0	0.14063	0	0	0	0	0	0	0	0	0.10507	0	0
Profesor	0	0	0	0	0.14121	0.23779	0.19857	0	0	0	0	0	0	0.23095	0.16211	0	0	0	0	0.2011	0.41109	0	0.20694	0.15001	0	0	0	0	0	0	0	0.35057	0	0	0	0	0	0	0	0	0	0.25066	0	0	0	0	0	0	0	0	0	0	0
Profesor	0.10017	0	0	0	0	0	0	0	0	0	0	0.22433	0	0.15109	0	0	0	0	0.57615	0	0	0	0	0	0	0	0	0.55493	0	0	0	0	0.34978	0	0	0.30645	0	0	0	0	0	0.13264	0	0	0	0	0.16024	0	0	0	0	0	0
Profesor	0	0	0	0	0.2047	0.52446	0	0	0	0	0	0	0	0	0.5612	0	0	0	0	0.23581	0.63944	0.15996	0	0	0	0	0	0	0	0	0	0	0	0	0	0	0	0	0	0	0	0.10468	0	0	0	0.2323	0	0	0	0	0	0	0
Profesor	0	0	0	0	0	0	0	0	0	0	0	0	0.17396	0	0	0	0	0	0	0	0	0	0.10189	0	0	0	0.44258	0	0	0	0	0	0	0	0	0.11602	0	0	0	0	0	0	0	0	0.22555	0	0	0	0.26349	0	0.45173	0	0
Profesor	0.16579	0	0	0	0	0	0	0	0	0	0.15415	0	0	0	0	0.18016	0	0	0	0	0	0	0	0	0	0	0	0	0	0	0	0	0.7157	0	0	0	0	0	0	0	0	0	0	0	0	0	0.2147	0	0	0	0	0	0
Profesor	0	0	0	0	0	0.15819	0	0	0	0	0	0.10334	0	0.2979	0	0	0	0	0	0.28386	0.34337	0	0	0.10107	0	0	0	0	0	0	0	0	0	0	0	0.17997	0	0	0	0	0	0.28856	0	0	0	0	0	0	0.12874	0	0	0	0
Profesor	0	0	0	0	0	0	0	0	0	0	0	0.26621	0	0.45202	0	0	0	0	0.3005	0	0	0	0.11575	0	0	0	0	0	0	0	0	0	0	0	0	0.14119	0	0	0	0	0	0.33161	0	0	0	0	0	0	0	0	0	0	0
Profesor	0.2029	0.11089	0	0	0	0	0	0	0	0	0	0	0	0.22614	0	0.12437	0	0	0.19263	0	0	0	0	0	0	0	0	0.37492	0	0	0.11987	0	0.1746	0	0	0.11933	0	0	0.19045	0	0.20378	0.33411	0	0	0	0	0.21035	0	0	0	0	0	0.15904
Profesor	0	0	0	0	0	0	0.73105	0	0.15303	0	0	0	0.14313	0.29259	0	0	0	0	0	0.13268	0	0	0.22612	0.49042	0	0	0	0	0	0	0	0.26148	0	0	0	0	0	0	0	0	0	0.19227	0	0	0	0	0	0	0	0	0	0	0
Profesor	0	0	0	0	0.21793	0.59523	0	0	0	0	0	0	0	0.11532	0.28404	0	0	0	0	0.2989	0.55359	0.27112	0	0	0	0	0	0	0	0	0	0	0	0	0	0	0	0	0	0	0	0	0	0	0	0	0	0	0	0	0	0	0
Profesor	0	0	0	0	0	0	0	0	0	0	0	0	0	0.19106	0	0.11407	0	0	0	0	0	0	0	0	0	0	0	0.11867	0	0	0	0	0.32967	0	0	0.16875	0	0	0	0	0	0.27345	0.40099	0	0	0	0.40786	0	0.10057	0.43315	0	0	0.13996
Profesor	0	0	0	0	0	0	0	0	0	0	0.24779	0.2356	0	0.36489	0	0.10531	0	0	0.16509	0	0	0	0	0	0	0	0	0	0	0	0	0	0	0	0	0.16596	0	0	0	0	0	0.27729	0	0	0	0	0.2022	0	0	0	0	0	0
Profesor	0	0	0	0	0	0	0	0	0	0	0	0.26303	0	0.5475	0	0	0	0	0.48264	0.12551	0	0	0	0	0	0	0	0	0	0	0	0	0	0.1932	0	0	0	0	0.14378	0	0	0.3522	0	0	0	0	0	0.11153	0	0	0	0	0
Profesor	0.28203	0	0	0	0	0	0	0	0	0	0.15358	0.1549	0	0	0	0.23761	0	0	0.45327	0	0	0	0	0	0	0	0	0.46023	0	0	0	0	0.12597	0	0	0.16587	0	0	0	0	0.48686	0	0	0	0	0	0.38903	0	0	0	0	0	0.27914
Profesor	0	0	0	0	0	0.16595	0	0	0	0	0	0.16229	0	0.35129	0	0	0	0	0.17093	0.39442	0.30725	0	0	0.21923	0	0	0	0	0	0	0	0	0	0	0	0.1606	0	0	0	0	0	0.19053	0	0	0	0	0	0	0	0	0	0	0
